,Brand,Product Name
0,XIAOMI, Xiaomi Redmi Note 13 8Gb 256Gb Negro
1,MOTOROLA, MOTOROLA G72 SS 128 GB 6 GB RAM Blanco
2,XIAOMI, Xiaomi Redmi 13C 8Gb 256Gb Negro
3,MOTOROLA, MOTOROLA Moto G84 5G 256 GB 8 GB RAM Negro cargador
4,MOTOROLA, MOTOROLA Moto G54 5G 128 GB 8 GB RAM Negro cargador
5,XIAOMI, XIAOMI Redmi Note 13 PRO 256 GB 8 GB RAM NEGRO
6,MOTOROLA, MOTOROLA Moto G84 5G 256 GB 8 GB RAM Rojo cargador
7,XIAOMI, Xiaomi Redmi Note 13 Pro 8Gb 256Gb Negro
8,MOTOROLA, MOTOROLA Moto G84 5G 256 GB 8 GB RAM Azul cargador
9,XIAOMI, XIAOMI Redmi Note 13 PRO 256 GB 8 GB RAM LILA
10,SAMSUNG, SAMSUNG Galaxy A35 5G 256 GB 8 GB RAM Azul Oscuro + CARGADOR
11,MOTOROLA, MOTOROLA Edge 40 neo 256 GB 8 GB RAM Naranja
12,XIAOMI,Xiaomi Redmi 13C 128Gb 4Gb Negro
13,APPLE,iPhone 15 128 GB Azul
14,XIAOMI, Xiaomi Redmi Note 13 Pro 8Gb 256Gb Verde
15,SAMSUNG, SAMSUNG Galaxy A25 5G 128 GB 6 GB RAM NEGRO
16,MOTOROLA, MOTOROLA Moto G54 5G 256 GB 8 GB RAM Azul
17,SAMSUNG, SAMSUNG Galaxy A25 5G 128 GB 6 GB RAM AZUL
18,APPLE,iPhone 15 Pro Max 256 GB Titanio Blanco
19,APPLE,iPhone 15 Pro Max 256 GB Titanio Natural
20,APPLE, Iphone 14 128Gb 5G Negro
21,APPLE,Apple Iphone 13 5G 128Gb Blanco Estelar (Nuevo)
22,XIAOMI, Xiaomi Redmi Note 13 Pro 5G 256Gb 8Gb Ram Negro
23,SAMSUNG, SAMSUNG Galaxy A15 256 GB 8 GB RAM NEGRO
24,INFINIX, INFINIX NOTE 40 256 GB 8 GB RAM Dorado
25,APPLE,Iphone 13 Reacondicionado 128 Gb Rosa
26,APPLE,Iphone 15 128Gb Nuevo Negro
27,MOTOROLA, MOTOROLA Moto G54 5G 128 GB 8 GB RAM Azul cargador
28,APPLE,iPhone 15 Pro Max 256 GB Titanio Negro
29,XIAOMI, XIAOMI Redmi Note 13  256 GB 8 GB RAM NEGRO
30,APPLE,Iphone 11 64 Gb Morado Reacondicionado
31,MOTOROLA, MOTOROLA Moto G14 128 GB 4 GB RAM Morado cargador
32,XIAOMI, XIAOMI Redmi Note 13 PRO 256 GB 8 GB RAM VERDE
33,APPLE,Iphone 11 64 Gb Negro Reacondicionado
34,APPLE,Iphone 15 128Gb Rosado Esim
35,XIAOMI, XIAOMI Redmi Note 13 PRO+ 5G 512 GB 12 GB RAM NEGRO
36,XIAOMI, XIOMI POCO X6 PRO 512GB 12 EN RAM amarillo
37,SAMSUNG, Samsung Galaxy A55 5G 256Gb 8Gb Ram Lila
38,APPLE, Iphone 14 128Gb 5G Lila
39,XIAOMI, Xiaomi Redmi Note 13 8Gb 256Gb Azul Claro
40,APPLE,Iphone 13 Reacondicionado 128 Gb Azul
41,SAMSUNG, SAMSUNG Galaxy A15 256 GB 8 GB RAM AZUL
42,SAMSUNG, SAMSUNG Galaxy A15 128 GB 6 GB RAM NEGRO
43,MOTOROLA, MOTOROLA Moto G72 128 GB 6 GB RAM Azul
44,SAMSUNG, Samsung Galaxy A55 256Gb 5G Azul Oscuro
45,SAMSUNG, Samsung Galaxy A55 256Gb 5G Azul Claro
46,APPLE,Iphone 12 Pro 128Gb Grafito Reacondicionado
47,APPLE,Iphone 15 Pro Max 256Gb Titanio Azul Esim
48,INFINIX, INFINIX NOTE 40 256 GB 8 GB RAM Negro
49,MOTOROLA, MOTOROLA Moto E13 64 GB 2 GB  RAM Negro
50,APPLE,iPhone 15 Pro Max 256 GB Titanio Blanco Nuevo
51,SAMSUNG, SAMSUNG Galaxy A04S 128 GB 4 GB RAM Negro
52,SAMSUNG, SAMSUNG Galaxy A15 128 GB 6 GB RAM AZUL
53,APPLE, Iphone 13 128Gb Azul
54,XIAOMI, Xiaomi Redmi Note 13 Pro 5G 256Gb 8Gb Ram Ocean Teal
55,APPLE,Apple Iphone 13 5G 128Gb Midnight (Nuevo)
56,APPLE,iPhone 15 128 GB Rosa
57,MOTOROLA, MOTOROLA Moto G54 5G 256 GB 8 GB RAM Verde
58,SAMSUNG, SAMSUNG Galaxy A35 5G 256 GB 8 GB RAM Azul Oscuro
59,SAMSUNG, Samsung A05 128Gb / 4 Ram Negro
60,MOTOROLA, MOTOROLA Moto G24 Power 256 GB 8 GB RAM Azul
61,XIAOMI, XIAOMI Redmi 12  256 GB 8 GB RAM Azul
62,XIAOMI, Xiaomi Redmi Note 13 Pro 5G 256Gb / 8Ram / 200Mp Negro
63,MOTOROLA, MOTOROLA Moto E13 64 GB 2 GB  RAM Verde
64,XIAOMI, Xiaomi Poco X6 Pro 512 Gb 12 Ram 5G + 64 Mp Negro
65,SAMSUNG, SAMSUNG Galaxy A35 5G 256 GB 8 GB RAM Azul Hielo
66,APPLE,iPhone 13 128 GB Rosa
67,INFINIX, INFINIX HOT 40 PRO 256 GB 8 GB RAM Negro
68,APPLE,Iphone 11 64 Gb Blanco Reacondicionado
69,XIAOMI,CELULAR XIAOMI Redmi 13C 256 GB 8 GB RAM Verde
70,MOTOROLA, MOTOROLA G24 256 GB 4 GB RAM Lavanda
71,XIAOMI, XIAOMI Redmi Note 13  256 GB 8 GB RAM AZUL
72,XIAOMI,Xiaomi Redmi Note 13 Pro Plus 512Gb Nuevo Negro
73,APPLE,iPhone 15 128 GB Verde
74,NOKIA, Nokia 110 4G Lte Negro
75,APPLE,iPhone 15 Pro 128 GB Titanio Blanco
76,APPLE,Iphone 15 Pro Max 256Gb Titanio Natural Esim
77,SAMSUNG, SAMSUNG Galaxy A04 64 GB 4 GB  RAM Verde
78,APPLE,Iphone 15 128Gb Azul Esim
79,XIAOMI, Poco X6 Pro 512Gb 12 En Ram Gris
80,XIAOMI,CELULAR XIAOMI REDMI 13C 6.74 pulgadas Mediatek Helio G85 256GB 8GB Android 13 Camara Triple DualSIM Navy Blue
81,APPLE, Iphone 14 128Gb E Sim 5G Azul
82,TECNO, Tecno Spark 20 256 Gb / 8 Ram / 50Mp Negro
83,HONOR, HONOR X8A 256 GB 8 GB RAM Azul
84,SAMSUNG, SAMSUNG A05 128 GB 4 GB RAM Silver
85,MOTOROLA, MOTOROLA Moto G54 256 GB 8 GB RAM Magenta
86,APPLE, Reacondicionado Iphone 11 128Gb Negro Apple
87,TECNO, Tecno Spark 20 Pro Plus 256Gb 8Ram Negro
88,SAMSUNG, SAMSUNG Galaxy S24 ULTRA AI 5G 512 GB 12 GB RAM GRIS  + Cover
89,INFINIX, INFINIX HOT 40 PRO 256 GB 8 GB RAM Azul
90,XIAOMI, Xiaomi Redmi 13C 8Gb 256Gb Azul Marino
91,XIAOMI, Xiaomi Redmi Note 12S 256Gb / 8Ram / 108Mp Gris
92,XIAOMI,CELULAR XIAOMI Redmi 13C 256 GB 8 GB RAM Negro
93,OPPO, OPPO A79 5G 256 GB 8 GB RAM Púrpura
94,XIAOMI, XIAOMI Redmi Note 13 PRO+ 5G 512 GB 12 GB RAM LILA
95,APPLE,Iphone 15 128Gb Nuevo Rosado
96,APPLE,Iphone 15 128Gb Negro Esim
97,SAMSUNG, SAMSUNG A05s 128 GB 4 GB RAM Negro
98,MOTOROLA, MOTOROLA Moto G14 128 GB 4 GB RAM Gris cargador
99,APPLE,Iphone 15 Pro Max 256Gb Titanio Negro Esim
100,XIAOMI, Xiaomi Poco M6 Pro 12Gb 512Gb Púrpura
101,XIAOMI, Xiaomi Redmi Note 13 6Gb 128Gb Negro
102,MOTOROLA, MOTOROLA G24 256 GB 4 GB RAM Gris
103,MOTOROLA, MOTOROLA Moto G24 Power 256 GB 8 GB RAM Celeste
104,XIAOMI,CELULAR XIAOMI Redmi 13C 256 GB 8 GB RAM Verde
105,XIAOMI,CELULAR XIAOMI Redmi 13C 128 GB 4 GB RAM Azul
106,APPLE,Iphone 15 Pro Max 256Gb Titanium Natural Nuevo
107,APPLE,Iphone 12 Pro 128 Gb Dorado Reacondicionado
108,SAMSUNG, SAMSUNG Galaxy A25 5G 128 GB 6 GB RAM AMARILLO
109,MOTOROLA, MOTOROLA G04 64 GB 4 GB RAM Negro
110,XIAOMI, XIAOMI Redmi Note 13  256 GB 8 GB RAM VERDE
111,SAMSUNG, Samsung Galaxy A55 256Gb 8Ram Color Iceblue
112,SAMSUNG, Samsung Galaxy A15 128 Gb 6 Gb Ram Azul Claro
113,APPLE, Reacondicionado Iphone 11 Pro 64Gb Gris Espacial Space Gray
114,INFINIX, INFINIX NOTE 40 PRO 256 GB 8 GB RAM Verde
115,SAMSUNG, SAMSUNG Galaxy S24 ULTRA AI 5G 512 GB 12 GB RAM NEGRO  + Cover
116,APPLE,Iphone 13 Pro Max 256Gb Grafito Reacondicionado
117,INFINIX, INFINIX SMART 8 128 GB 4 GB RAM Blanco
118,APPLE,Iphone 12 Pro Grafito 256Gb Reacondicionado
119,APPLE, Reacondicionado Iphone 11 128Gb Morado Apple
120,OPPO, OPPO Reno 11F 5G 256 GB 8 GB RAM Púrpura + Speaker
121,APPLE,IPHONE 14 PRO 256 GB REACONDICIONADO COLOR MORADO
122,OPPO, OPPO A79 5G 256 GB 8 GB RAM Negro
123,SAMSUNG, SAMSUNG Galaxy A15 256 GB 8 GB RAM AMARILLO
124,XIAOMI, Xiaomi Poco X6 Pro 5G 512Gb / 12Ram / 64Mp Gris
125,XIAOMI, XIAOMI Redmi Note 13 PRO+ 5G 512 GB 12 GB RAM BLANCO
126,XIAOMI, Xiaomi Poco M6 Pro / 512Gb / 12Ram / 64Mp Negro
127,SAMSUNG,Samsung Galaxy A54 De 256Gb/8Gb Ram Grafito
128,XIAOMI,CELULAR POCO X6 PRO 12GB RAM / 512 ROM COLOR NEGRO
129,XIAOMI,CELULAR XIAOMI Redmi 13C 128 GB 4 GB RAM Negro
130,MOTOROLA, MOTOROLA Moto G14 128 GB 4 GB RAM Azul cargador
131,XIAOMI, Xiaomi Redmi Note 13 8Gb 256Gb Azul Claro
132,APPLE, Iphone 13 128Gb 4G Midnight
133,INFINIX, INFINIX NOTE 40 PRO 256 GB 8 GB RAM Dorado
134,APPLE,Iphone 13 Pro Max 256Gb Oro Reacondicionado
135,APPLE,Iphone 12 Pro 256 Gb Dorado Reacondicionado
136,APPLE, Iphone X Reacondicionado Plateado 256 Gb
137,XIAOMI,CELULAR XIAOMI Redmi 13C 128 GB 4 GB RAM Verde
138,SAMSUNG, Reacondicionado Samsung A30 Negro
139,HONOR, HONOR X6  64 GB 4 GB RAM Gris
140,HONOR, Honor Magic 5 Lite / 256Gb / 8Ram / 64Mpx Verde
141,SAMSUNG, Samsung Galaxy A55 256Gb 8Ram Color Lemon
142,SAMSUNG, SAMSUNG GALAXY A24 128 GB 4 GB RAM Negro
143,SAMSUNG, SAMSUNG Galaxy A25 5G 256 GB 8 GB RAM Negro
144,OPPO, OPPO A38 128 GB 4 GB RAM Negro
145,OPPO, OPPO Reno 11F 5G 256 GB 8 GB RAM Verde + Speaker
146,APPLE,iPhone 15 Pro 128 Gb Titanio Negro
147,APPLE,Iphone 15 Pro 256Gb Titanio Negro Esim
148,SAMSUNG, Reacondicionado Galaxy A21s Negro 128Gb Samsung
149,SAMSUNG, SAMSUNG Galaxy A15 128 GB 6 GB RAM AMARILLO
150,TECNO MOBILE, TECNO MOBILE Pova 5 256 GB 8 GB RAM Negro
151,APPLE,iPhone 13 128 GB Blanco Estelar
152,APPLE,Apple Iphone 13 5G 128Gb Pink (Nuevo)
153,MOTOROLA, MOTOROLA G04 64 GB 4 GB RAM Verde
154,APPLE, Apple Iphone 14 128 Gb Blanco
155,APPLE,iPhone 12 64Gb Blanco Reacondicionado
156,XIAOMI, Xiaomi Redmi 13C 256Gb 4+4Gb Ram Negro
157,SAMSUNG, Samsung Galaxy S21 5G 128 Gb Phantom Gray Refurbi (Reacondicionado)
158,MOTOROLA, MOTOROLA Moto E13 64 GB 2 GB  RAM Blanco
159,APPLE, Iphone 13 128Gb 4G Pink
160,OPPO, OPPO A38 128 GB 4 GB RAM Dorado
161,SAMSUNG, SAMSUNG Galaxy A04 64 GB 4 GB  RAM Negro
162,ZTE, ZTE BLADE A54 128GB / 4GB RAM Azul
163,MOTOROLA, MOTOROLA G04 128 GB 4 GB RAM Negro
164,APPLE,Iphone 12 128Gb Blanco Reacondicionado
165,APPLE,Iphone 12 64Gb Lila Reacondicionado
166,TECNO MOBILE, TECNO MOBILE SPARK 20 PRO+ 256 GB 8 GB RAM Negro
167,OPPO,A58 OPPO A58 256 GB 8 GB RAM Verde
168,MOTOROLA, MOTOROLA G24 256 GB 4 GB RAM Verde
169,XIAOMI,CELULAR XIAOMI Redmi 13C 256 GB 8 GB RAM Azul
170,APPLE,iPhone 15 Pro 128 Gb Titanio Blanco
171,APPLE, Reacondicionado Iphone 12 Pro Max 256 Gb Plateado Silver
172,SAMSUNG, Samsung Galaxy A15 128 Gb 6 Gb Ram Azul Oscuro
173,SAMSUNG, SAMSUNG A05s 128 GB 4 GB RAM Silver
174,INFINIX, INFINIX SMART 8 128 GB 4 GB RAM Negro
175,SAMSUNG, SAMSUNG S23 Ultra 5G 256 GB 12 GB RAM Negro
176,XIAOMI, Xiaomi Poco X6 Pro 5G 512Gb / 12Ram / 64Mp Amarillo
177,SAMSUNG, SAMSUNG Galaxy A25 5G 256 GB 8 GB RAM Azul
178,INFINIX, INFINIX NOTE PRO 30 256 GB 8 GB RAM Negro
179,XIAOMI, Xiaomi Redmi Note 13 Pro 256Gb / 8Ram / 200Mp Verde
180,XIAOMI, Xiaomi Redmi 13C 4Gb 128Gb Azul Marino
181,SAMSUNG, SAMSUNG GALAXY A24 128 GB 4 GB RAM Plateado
182,REALME, REALME C67 256 GB 8 GB RAM Verde
183,TECNO MOBILE, Tecno Spark 20 8Gb 256Gb Azul
184,TECNO, Tecno Spark 20 Pro Plus 256Gb 8Ram Blanco
185,SAMSUNG, SAMSUNG Galaxy A35 5G 256 GB 8 GB RAM Lila
186,TECNO MOBILE, TECNO MOBILE SPARK 20 PRO+ 256 GB 8 GB RAM Blanco
187,SAMSUNG, SAMSUNG A05s 128 GB 4 GB RAM Violeta
188,INFINIX, INFINIX HOT 40 PRO 256 GB 8 GB RAM Dorado
189,MOTOROLA, MOTOROLA G04 64 GB 4 GB RAM Azul
190,TECNO, Tecno Spark 20 256Gb / 8 Ram / 50 Mp Dorado
191,APPLE,Iphone 12 Pro Grafito 256Gb Reacondicionado + REGALO Audifonos & Cargador
192,XIAOMI, Xiaomi Redmi Note 13 Pro 256Gb / 8Ram / 200Mp Negro
193,SAMSUNG, Samsung Galaxy A55 5G 256Gb 8 Ram Lila
194,SAMSUNG, SAMSUNG Galaxy A55 5G 256 GB 8 GB RAM Lila
195,TECNO, Tecno Spark Go 2024 128Gb / 4Ram / 13Mp Blanco
196,INFINIX, INFINIX HOT 40 PRO 256 GB 8 GB RAM Verde
197,XIAOMI, Xiaomi Redmi Note 13 Pro 5G 8Gb 256Gb Purpura
198,SAMSUNG,Samsung Galaxy S24 Ultra 512GB Gris
199,MOTOROLA, MOTOROLA G04 128 GB 4 GB RAM Azul
200,APPLE,iPhone 13 128 GB Azul Medianoche
201,APPLE,IPHONE 13 PRO MAX 128 GB REACONDICIONADO COLOR GRAFITO
202,APPLE,iPhone 13 Pro Azul 256Gb Reacondicionado + REGALO Audifonos & Cargador
203,APPLE,IPHONE 14 PRO MAX 128 GB REACONDICIONADO COLOR MORADO
204,SAMSUNG, Samsung Galaxy S23 Ultra 256GB12GB Negro
205,INFINIX, INFINIX SMART 8 128 GB 4 GB RAM Dorado
206,SAMSUNG, SAMSUNG Galaxy S23 FE 5G 256 GB 8 GB RAM Grafito
207,OPPO, OPPO Reno11 5G 256 GB 12 GB RAM Gris + SmartWatch
208,OPPO,A58 OPPO A58 256 GB 8 GB RAM Negro
209,REALME, REALME C67 256 GB 8 GB RAM Negro
210,APPLE, Reacondicionado Iphone 11 128Gb Blanco Apple
211,APPLE,Iphone 15 128Gb Verde Esim
212,TECNO MOBILE, Tecno Camon 30 256Gb / 8 Ram + Tecno Buds 3 Negro
213,XIAOMI, Xiaomi Poco X6 5G 256Gb / 12Ram / 64Mp Azul
214,APPLE, Reacondicionado Iphone Se 2020 64Gb Negro Apple + 14 Meses Garantia
215,XIAOMI, Xiaomi Redmi Note 13 4G 256Gb / 8Ram / 108Mp Azul
216,XIAOMI, Xiaomi Poco F6 Pro 256Gb 12Ram 50Mp Negro
217,NOKIA,NOKIA 105 4G SS 128 MB Negro
218,APPLE,iPhone 11 128 GB Blanco
219,APPLE, Reacondicionado Iphone Xr 64Gb Blanco Apple
220,APPLE,Iphone 12 128Gb Lila Reacondicionado
221,APPLE,IPHONE 12 PRO 128 GB REACONDICIONADO COLOR AZUL PACIFICO
222,APPLE, Reacondicionado Iphone 11 Pro 64Gb Verde Medianoche Midnight Green
223,APPLE,IPHONE 13 PRO 128 GB REACONDICIONADO COLOR GRAFITO
224,MOTOROLA, MOTOROLA Moto Edge 50 Pro 512 GB 12 GB RAM Negro
225,TECNO MOBILE, TECNO MOBILE Tecno Spark 20C 256 GB 4 GB RAM Negro
226,TECNO MOBILE, TECNO MOBILE Pova 5 256 GB 8 GB RAM Azul
227,APPLE,Iphone 13 128Gb Rosa Reacondicionado
228,APPLE,IPHONE 13 PRO MAX 128 GB REACONDICIONADO COLOR AZUL SIERRA
229,APPLE,Iphone 11 Pro 64 Gb Verde Esmeralda Reacondicionado
230,SAMSUNG, Samsung Galaxy S23 Ultra 5G 256 G Verde
231,MOTOROLA, MOTOROLA Edge 50 Fusion 256 GB 8 GB RAM Verde
232,SAMSUNG, SAMSUNG Galaxy Z Flip 4 5G 256 GB 8 GB RAM Azul
233,SAMSUNG, Samsung S23 Fe 5G 256Gb 8Gb Ram Morado
234,APPLE,Iphone 15 Pro Max 256Gb Titanio Azul Esim
235,APPLE,iPhone 14 Pro Max 256Gb Blanco Reacondicionado Audífonos + Cargador
236,APPLE,Iphone 15 Pro 256Gb Titanio Natural Esim
237,APPLE,iPhone 11 64Gb Verde Reacondicionado + 14 Meses Garantia
238,OPPO, OPPO A58 128 GB 6 GB RAM Negro
239,MOTOROLA, MOTOROLA G34   5G 256 GB 8 GB RAM Azul
240,SAMSUNG, SAMSUNG Galaxy S23 FE 5G 128 GB 8 GB RAM Grafito
241,XIAOMI,Xiaomi Redmi Note 13 Dual Sim 256Gb/8Gb + Buds 4 Active
242,APPLE,IPHONE 11 128 GB REACONDICIONADO COLOR NEGRO
243,ZTE, Zte A31 Lite 32 Azul Reacondicionado
244,APPLE,IPHONE 14 PRO MAX 256 GB REACONDICIONADO COLOR MORADO
245,TECNO MOBILE, TECNO MOBILE Spark 20 256 GB 8 GB RAM Negro
246,MOTOROLA, MOTOROLA G04 128 GB 4 GB RAM Verde
247,TECNO MOBILE, Tecno Spark Go 2024 3Gb 64Gb Blanco
248,SAMSUNG, Aamsung A15 128GB 6RAM 4G Azul Media Noche
249,SAMSUNG, SAMSUNG Galaxy Z Flip 4 5G 256 GB 8 GB RAM Gris
250,APPLE, Iphone 13 128Gb Negro (Midnight)
251,XIAOMI, Xiaomi Poco X6 5G 256Gb / 12Ram / 64Mp Blanco
252,GENERICO, Xiaomi Redmi 12 8GB+256GB Negro
253,XIAOMI, Xiaomi Redmi A3 64Gb + 3 Ram Negro
254,APPLE,Iphone 14 Pro 256Gb Negro Espacial Reacondicionado
255,VIVO, Vivo V25 Pro 256Gb 12Gb 5G Negro
256,TECNO MOBILE, TECNO MOBILE Spark 20 256 GB 8 GB RAM Dorado
257,SAMSUNG, SAMSUNG Galaxy S23 FE 5G 256 GB 8 GB RAM Purpura
258,SAMSUNG, SAMSUNG Galaxy A34 5G 128 GB 6 GB RAM Plata
259,SAMSUNG,Samsung Galaxy A30 64 Negro Reacondicionado
260,VIVO, VIVO Y27S 256 GB 8 GB RAM Negro
261,APPLE, Reacondicionado Iphone Xs Max 64Gb Dorado Apple
262,APPLE,iPhone Se 2020 128Gb Blanco Reacondicionado
263,APPLE,Iphone 12 128Gb Morado Reacondicionado
264,MOTOROLA,Motorola Moto G54 256GB Verde Nuevo
265,APPLE, Reacondicionado Iphone 11 Pro Max 256 Gb Gris Espacial Space Gray
266,VIVO, VIVO Y03 128 GB 4 GB RAM Verde
267,APPLE,Iphone 15 128Gb Negro Esim
268,APPLE,Iphone Xr 64Gb Black Reacondicionado
269,XIAOMI,Xiaomi Redmi 12 128GB Negro Nuevo
270,APPLE,Iphone 12 128Gb Azul Reacondicionado
271,INFINIX,Infinix Smart 8 Dual Sim 128Gb Negro 4Gb Ram
272,MOTOROLA, MOTOROLA G04 128 GB 4 GB RAM Naranja
273,MOTOROLA, MOTOROLA Edge 50 Fusion 256 GB 8 GB RAM Azul
274,TECNO MOBILE, TECNO MOBILE Tecno Spark 20C 256 GB 4 GB RAM Blanco
275,MOTOROLA, MOTOROLA Moto Razer 40 Ultra 5G 512 GB 12 GB RAM Magenta
276,SAMSUNG, SAMSUNG Galaxy A04E 32 GB 3 GB RAM Negro
277,INFINIX, INFINIX HOT 40i 256 GB 8 GB RAM Azul
278,SAMSUNG,Samsung Galaxy S24 Ultra
279,APPLE, APPLE Iphone 12 256 GB 4 GB RAM Verde
280,TECNO MOBILE, TECNO MOBILE Tecno Camon 20  256 GB 8 GB RAM Blanco
281,ZTE, Zte Blade L210 32 Gb Negro 1 Gb Ram
282,APPLE, Iphone 13 Pro Max 512Gb Sierra Blue (Reacondicionado)
283,XIAOMI,Xiaomi Redmi Note 11S 5G Dual Sim 128 Gb Midnight Black 4 Gb Ram
284,XIAOMI, XIAOMI Redmi 12  256 GB 8 GB RAM Blanco
285,TECNO, Tecno Spark 20 256 Gb / 8 Ram / 50 Mp Blanco
286,VIVO, VIVO Y27S 256 GB 8 GB RAM Verde
287,APPLE,Iphone 15 Pro 256Gb Titanio Azul Esim
288,SAMSUNG,Samsung Galaxy S24 Ultra 256 Gb 5G Violeta Titanio
289,SAMSUNG,Samsung Galaxy S24 Ultra 256 Gb 5G Negro Titanio
290,SAMSUNG, Samsung Galaxy S23 Ultra 256GB/12GB Crema
291,REALME, Realme C55 8Gb Ram 256Gb Dorado
292,SAMSUNG, Samsung S24 Plus 5G Ia 512Gb 12Gb Ram Negro
293,APPLE,Iphone 13 128Gb Blanco Estelar Reacondicionado
294,APPLE, Apple Iphone 12 Pro Max 128Gb Azul Reacondicionado
295,SAMSUNG, Samsung Galaxy Z Flip 5 5G 512Gb 8Gb Ram Verde Menta
296,SAMSUNG, Samsung S23 Fe 5G 256Gb 8Gb Ram Crema
297,XIAOMI, Xiaomi Redmi Note 13 5G 8Gb 256Gb Negro Grafito
298,ZTE, Zte A31 Lite 32 Gris Reacondicionado
299,XIAOMI, Xiaomi Redmi Note 12S 256Gb / 8Ram / 108Mp Azul
300,OPPO, OPPO A58 128 GB 6 GB RAM Verde
301,MOTOROLA, MOTOROLA G34   5G 256 GB 8 GB RAM Verde
302,HONOR, HONOR X8B 256 GB 8 GB RAM Aguamarina + Audifonos
303,VIVO, VIVO Y27 128 GB 6 GB RAM Azul
304,APPLE,Iphone 14 Pro Max 256Gb Deep Purple Reacondicionado + Cargador 20W + Cable Usb C
305,APPLE, Iphone 11 Verde 128Gb Reacondicionado
306,SAMSUNG,Samsung Galaxy S24 Ultra 512GB Violeta
307,CATERPILLAR, Caterpillar Cat S22 Flip 16Gb 2Gb Ram 4G Uso Rudo
308,INFINIX, Infinix Hot 40I Negro Dual Sim 256Gb Ram 8+8Gb 5000 Mah
309,HONOR, HONOR Magic 6 Lite 5G 256 GB 8 GB RAM Plateado + SmartWatch
310,APPLE,AirPods 3ra Generacin AAA
311,XIAOMI, Xiaomi Poco X6 Pro 5G 512Gb / 12Ram / 64Mp Negro
312,HONOR, Honor Magic 5 Lite 256Gb 8Gb Ram Verde
313,TECNO, Tecno Spark 10 Pro 256Gb 8Gb+8Gb Ram Blanco
314,VIVO, VIVO Y18 256 GB 8 GB RAM Negro
315,REALME, REALME Realme 12 5G 256 GB 8 GB RAM Morado
316,SAMSUNG, SAMSUNG Galaxy S23 FE 5G 128 GB 8 GB RAM Menta
317,ZTE, Zte Blade A3 Lite 32 Negro Reacondicionado
318,APPLE, Reacondicionado Iphone Xr 128Gb Negro Apple
319,APPLE,Iphone 11 64 Gb Rojo Reacondicionado
320,MOTOROLA, MOTOROLA Moto E22 128 GB 4 GB RAM Gris
321,XIAOMI,"Xiaomi Redmi Note 13 Pro 256Gb 8Gb, Verde Watch 3 Active"
322,INFINIX, Infinix Hot 40 Pro 256Gb / 8Ram Azul
323,REALME, Realme C55 Negro 256Gb 8Gb Ram
324,MOTOROLA,Motorola Moto G72 128Gb 6Gb Ram + Audifonos Genius Hs M905bt
325,APPLE,Iphone 13 128Gb Medianoche Reacondicionado
326,APPLE,Iphone 13 Pro Max 256Gb Azul Sierra Reacondicionado
327,XIAOMI, Xiaomi Redmi A3 64Gb 3Gb Ram Azul
328,APPLE, Reacondicionado Iphone 11 128Gb Morado Apple
329,INFINIX, Infinix Note 40 Negro Pro 256Gb Ram 8+8Gb + Cargador Inalámbrico
330,APPLE,IPHONE 14 PRO MAX 256 GB REACONDICIONADO COLOR PLATA
331,REALME, REALME Realme 12 5G 256 GB 8 GB RAM Verde
332,TECNO MOBILE, TECNO MOBILE Tecno Camon 20  256 GB 8 GB RAM Negro
333,APPLE,Iphone Xr 64Gb Red Reacondicionado
334,SAMSUNG, Samsung Galaxy A04e 32Gb Dual Sim Azul Claro
335,APPLE,iPhone SE 2020 64Gb Black Reacondicionado + 12 Meses Garantia
336,TECNO, Tecno Spark 20 Pro 256Gb 8Gb Negro
337,XIAOMI, Xiaomi Poco X6 Pro 5G 512gb 12gb Ram Negro
338,XIAOMI, Xiaomi Poco F5 Pro 512Gb 12Ram 64Mp Negro
339,APPLE,Iphone 13 Pro Max 128Gb Verde Alpino Reacondicionado
340,REALME, REALME Note 50 128 GB 4 GB RAM Azul
341,OPPO, OPPO Reno11 5G 256 GB 12 GB RAM Verde + SmartWatch
342,OPPO, OPPO A57 128 GB 4 GB RAM Negro
343,SAMSUNG, SAMSUNG Galaxy A25 5G 256 GB 8 GB RAM Amarillo
344,SAMSUNG, SAMSUNG Galaxy A55 5G 256 GB 8 GB RAM Azul Hielo
345,INFINIX, INFINIX HOT 40i 256 GB 8 GB RAM Negro
346,MOTOROLA, MOTOROLA G34   5G 256 GB 8 GB RAM Negro
347,TECNO MOBILE, TECNO MOBILE Pova 5 256 GB 8 GB RAM Dorado
348,OPPO, OPPO A17 64 GB 4 GB RAM Negro
349,OPPO, OPPO A57 128 GB 4 GB RAM Verde
350,APPLE,iPhone 15 Pro 128 Gb Titanio Azul
351,XIAOMI, Xiaomi Redmi A3 128Gb 4Gb Ram Verde
352,MOTOROLA, MOTOROLA Moto Razer 40 Ultra 5G 512 GB 12 GB RAM Negro
353,SAMSUNG,Samsung Galaxy S24 Ultra 256 Gb 5G Amarillo Titanio
354,APPLE,Iphone Reacondicionado 12 Pro Max 256 Gbazul Pacifico
355,XIAOMI, Xiaomi Poco M6 Pro / 256Gb / 8Ram / 64Mp Negro
356,SAMSUNG,Samsung Galaxy A32 5G 128Gb Negro
357,APPLE,Iphone 15 Pro Max 512Gb Titanio Natural Esim
358,XIAOMI, XIAOMI Redmi Note 11 128 GB 4 GB RAM Azul Estelar
359,SAMSUNG, SAMSUNG Galaxy S23 FE 5G 128 GB 8 GB RAM Beige
360,APPLE, Apple Iphone 13 Pro Max 128Gb Oro Reacondicionado
361,APPLE,Iphone 14 128 Gb Reacondicionado Color Blanco Estelar
362,APPLE,iPhone 11 64Gb Blanco Reacondicionado + 14 Meses Garantia
363,APPLE,Iphone 15 Pro 256Gb Titanio Blanco Esim
364,TCL,Tcl One Touch 4041
365,XIAOMI, Xiaomi Poco F5 256GB 12GB Ram Negrp
366,ZTE, ZTE Blade V50 Design 256GB Morado Ram 6+10GB
367,KALLEY, Kalley Black G 64Gb Negro
368,SAMSUNG,Samsung Galaxy S23 Ultra 512GB Crema
369,SAMSUNG, SAMSUNG A05 128 GB 4 GB RAM Verde
370,XIAOMI, Xiaomi Redmi Note 13 Pro Plus 512Gb 12Ram Negro
371,XIAOMI, Xiaomi Redmi Note 12S 256Gb / 8Ram / 108Mp Verde
372,TECNO MOBILE, TECNO MOBILE SPARK 20 PRO+ 256 GB 8 GB RAM Verde
373,APPLE, Reacondicionado Iphone 8 64Gb Gris Espacial Apple + 14 Meses Garantia
374,VIVO, VIVO Y18 256 GB 8 GB RAM Azul claro
375,HONOR, HONOR Magic 6 Lite 5G 256 GB 8 GB RAM Verde + SmartWatch
376,INFINIX, INFINIX HOT 40i 256 GB 8 GB RAM Verde
377,VIVO, VIVO Y17s 128 GB 4 GB RAM Verde
378,APPLE,iPhone 11 128 GB Negro
379,XIAOMI, Xiaomi Redmi Note 13 Pro 512Gb 12Gb Ram 4G Negro
380,XIAOMI, Xiaomi Redmi Note 13 Pro 5G 256Gb 8Ram Color Azul
381,APPLE,Iphone Se 2020 128Gb Rojo Reacondicionado
382,XIAOMI,"Xiaomi Redmi Note 13 Dual Sim 256Gb, 8Gb + Watch 3 Blk"
383,APPLE,Iphone 13 Pro Max 256Gb Plata Reacondicionado
384,SAMSUNG, SAMSUNG S23 Ultra 5G 256 GB 12 GB RAM Verde
385,SAMSUNG, SAMSUNG Galaxy S24 ULTRA AI 5G 512 GB 12 GB RAM NEGRO
386,GENERICO,CELULAR TECNO SPARK GO 2024 BG6 6.6 pulgadas Unisonic 128GB 4GB Android 13 Dual SIM
387,SAMSUNG,Samsung Galaxy A54 De 256Gb/8Gb Ram Lila
388,APPLE,Iphone 15 128Gb Azul Esim
389,APPLE,Iphone 15 Pro 256Gb Titanio Blanco Esim
390,SAMSUNG, Samsung S23 Fe 5G 256Gb 8Gb Ram Verde
391,VIVO,Vivo Y11s 32 Azul Reacondicionado
392,APPLE,Iphone 15 Pro 128Gb Titanio Natural Esim
393,APPLE,iPhone 13 128 GB Verde Nuevo
394,APPLE,IPHONE 12 PRO MAX 256 GB REACONDICIONADO COLOR ORO
395,APPLE, Reacondicionado Iphone 11 Pro Max 256Gb Dorado Apple
396,poco, Xiaomi Poco X6 Pro 5G 512Gb 12Gb Ram Amarillo
397,APPLE, Reacondicionado iPhone 12 64Gb Verde
398,SAMSUNG,Smartphone Samsung Galaxy Z Flip5 Negro 8Gb 512Gb
399,HUAWEI,Huawei Y9 2019 64 Negro Reacondicionado
400,SAMSUNG, Samsung Galaxy A15 128 Gb 6 Gb Ram Amarillo
401,SAMSUNG, SAMSUNG Galaxy A04S 128 GB 4 GB RAM Verde
402,ZTE, Zte A31 Lite 32 Negro Reacondicionado
403,MOTOROLA,Moto G23 Dual Sim 128 Gb Steel Blue 4 Gb Ram
404,SAMSUNG,Samsung Galaxy S21 Plus 5G 256 Gb Negro Fantasma Reacondicionado
405,TECNO MOBILE, TECNO MOBILE Spark 20 256 GB 8 GB RAM Blanco
406,VIVO, VIVO Y38 5G 256 GB 8 GB RAM Negro
407,SAMSUNG, SAMSUNG Galaxy A55 5G 256 GB 8 GB RAM Azul Oscuro
408,REALME, REALME Note 50 128 GB 4 GB RAM Negro
409,INFINIX, INFINIX NOTE PRO 30 256 GB 8 GB RAM Dorado
410,SAMSUNG, SAMSUNG S23 Ultra 5G 256 GB 12 GB RAM Rosa
411,XIAOMI, Xiaomi Redmi Note 13 4G 128Gb / 8Ram / 108Mp Negro
412,XIAOMI, Xiaomi Poco X6 5G 256Gb / 8Ram / 64Mp Negro
413,APPLE, Reacondicionado Iphone 11 Blanco 128Gb
414,OPPO, Oppo A78 4G / 256 Gb / 8 Ram / 50 Mp / Verde
415,VIVO, VIVO Y17s 128 GB 4 GB RAM Violeta
416,INFINIX, INFINIX HOT 30 256 GB 8 GB RAM Negro
417,HONOR, Honor X7a 128Gb / 6Ram / 64Mpx / 50Mpx Azul
418,SAMSUNG, SAMSUNG Galaxy S24 ULTRA AI 5G 512 GB 12 GB RAM VIOLETA
419,APPLE,Iphone 12 Pro Max 256Gb Reacondicionado Negro
420,APPLE,Iphone 11 128Gb Reacondicionado Lila
421,APPLE,IPHONE 12 PRO MAX 128 GB REACONDICIONADO COLOR ORO
422,INFINIX, INFINIX NOTE 40 256 GB 8 GB RAM Verde
423,XIAOMI,Xiaomi Redmi Note 11 128 Gris Nuevo
424,APPLE, Iphone 12 Negro 64Gb Reacondicionado
425,MOTOROLA,Motorola Moto G23 128 Gb Gris
426,APPLE, Iphone 13 128Gb Rosa (Pink)
427,INFINIX, Infinix Smart 8 Negro 64Gb Ram 3+3 5000 Mah 90Hz
428,APPLE,Iphone 15 128Gb Verde Esim
429,APPLE,Iphone 15 Pro 128Gb Titanio Blanco Esim
430,APPLE, Reacondicionado Iphone Se 64Gb Rojo Apple + 14 Meses Garantia
431,APPLE,iPhone 13 Mini 128GB Negro Reacondicionado
432,APPLE,Iphone X 64Gb Plata Apple Reacondicionado
433,SAMSUNG, Samsung A05 128Gb 4 Ram Negro
434,APPLE, Reacondicionado Iphone 11 128Gb Rojo
435,REALME, Realme Note 50 128Gb / 4Ram / 13Mp Negro
436,REALME,Realme C67 Dual Sim 256 Gb Negro 8 Gb Ram
437,XIAOMI, Xiaomi Redmi Note 13 4G 256Gb / 8Ram / 108Mp Negro
438,XIAOMI, Xiaomi Redmi Note 13 Pro 8Gb 256Gb Negro
439,XIAOMI, Xiaomi Note 13 pro plus 5G 512/12gb Negro
440,TECNO, Tecno Pova 5 Pro 5G 256gb Negro
441,HONOR, HONOR Honor 90 Lite 5G 256 GB 8 GB RAM Plateado + Honor X6s
442,SAMSUNG, SAMSUNG Galaxy A55 5G 256 GB 8 GB RAM Amarillo
443,INFINIX, INFINIX SMART 8 128 GB 4 GB RAM Verde Estuche/ Cargador/ Pin
444,HONOR, HONOR X7B 256 GB 8 GB RAM Negro Medianoche
445,SAMSUNG, SAMSUNG Galaxy S23 FE 5G 256 GB 8 GB RAM Menta
446,REALME, REALME C55 256 GB 8 GB RAM Negro
447,APPLE,iPhone 11 64 GB Blanco
448,HONOR, HONOR Honor 90 Lite 5G 256 GB 8 GB RAM Negro
449,APPLE,Iphone 13 Pro 256Gb Azul Sierra Reacondicionado
450,APPLE, Reacondicionado Iphone Xr 128Gb Blanco Apple
451,APPLE,Iphone Se 2020 128Gb Negro Reacondicionado
452,APPLE, Reacondicionado Iphone Se 64Gb Rojo Apple
453,APPLE, Reacondicionado Iphone 8 256Gb Gris Espacial Apple
454,REALME, REALME C55 256 GB 8 GB RAM Dorado
455,HONOR, HONOR X7A 128 GB 6 GB RAM Azul
456,HONOR, HONOR X7A 128 GB 6 GB RAM Gris
457,APPLE,IPHONE 12 PRO 128 GB REACONDICIONADO COLOR ORO
458,APPLE, Reacondicionado Iphone 11 Pro Max 256Gb Verde Medianoche Apple
459,APPLE,Iphone 15 Pro Max 256Gb Reacondicionado Azul
460,APPLE,Iphone 12 128Gb Blanco Reacondicionado
461,APPLE,IPHONE 11 PRO MAX 256 GB REACONDICIONADO COLOR GRIS ESPACIAL
462,APPLE,Iphone 14 Pro Max 256Gb Negro Espacial Reacondicionado
463,APPLE,Iphone 14 Pro 256Gb Plata Reacondicionado
464,APPLE,Iphone 13 Pro 256Gb Oro Reacondicionado
465,APPLE, Reacondicionado Iphone 11 64Gb Morado
466,APPLE,Iphone 11 Pro Max 64Gb Color Dorado Reacondicionado
467,APPLE, Reacondicionado Iphone 11 Pro 64Gb Gris Espacial Apple
468,HONOR, HONOR Honor 90 5G 256 GB 8 GB RAM Verde
469,APPLE,Iphone 14 Pro 128Gb Morado Oscuro Reacondicionado
470,APPLE,Iphone 12 Pro 256 Gb Azul Pacifico Reacondicionado
471,SAMSUNG, Samsung Galaxy S21 Fe 5G 256Gb Grafito Reacondicionado
472,XIAOMI, Xiaomi Redmi Note 13 Pro 5G 256Gb 8Ram Color Negro
473,APPLE,Iphone Reacondicionado 12 Pro 128 Gb Azul Pacifico
474,APPLE,iPhone 13 Pro Max 128GB Azul Sierra Reacondicionado
475,APPLE, Apple Iphone 12 Pro Max 256Gb Negro Reacondicionado
476,GENERICO, Xiaomi Redmi Note 11s 5g 4 Gb + 128 Gb Azul
477,APPLE, Reacondicionado Iphone 12 Pro Max 128 Gb Graphite Grafito
478,APPLE, Reacondicionado Iphone 7 32Gb Negro Mate Apple
479,XIAOMI, Xiaomi Redmi Note 12 Ram 4Gb/128Gb Gris
480,XIAOMI, Xiaomi Redmi Note 13 4G 128Gb / 8Ram / 108Mp Verde
481,SAMSUNG, SAMSUNG Galaxy S24 ULTRA AI 5G 512 GB 12 GB RAM GRIS
482,ZTE, Zte Blade V50 Design 256Gb Ram 6+10Gb Verde
483,MOTOROLA,Motorola Moto One Fusion 128 Verde Reacondicionado
484,APPLE,Iphone Se 2020 128Gb White Reacondicionado + 14 Meses Garantia
485,APPLE, Iphone 13 Pro Max Gris 512Gb Reacondicionado
486,HYUNDAI,Hyundai L553 16 Azul Reacondicionado
487,XIAOMI, Xiaomi Redmi Note 13 4G 128Gb + 8Ram Verde Claro
488,REALME, REALME C51 128 GB 4 GB RAM Negro
489,ZTE, Zte Blade V50 Vita 256Gb 4Gb + 10Gb Ram Azul
490,TECNO MOBILE, Tecno Spark 20 Pro+ 8Gb 256Gb Verde
491,APPLE,iPhone 12 Pro Azul Pacifico 128GB Reacondicionado + Airpods Pro 2 AAA
492,APPLE,Iphone 15 Pro Max 256Gb 8Gb Blanco
493,SAMSUNG,Samsung Galaxy S21 Plus 5G 128 Gb Negro Fantasma Reacondicionado
494,APPLE,iPhone 15 Pro 128 Gb Titanio Natural
495,SAMSUNG,Samsung Galaxy A21s 128 Azul Reacondicionado
496,SAMSUNG,Galaxy A15 6Gb 128Gb Negro Azul
497,XIAOMI,"Xiaomi Redmi Note 13 Pro 256Gb 8Gb, Verde Y Buds 4 Active"
498,poco, Poco X6 5G 512Gb Ram 12Gb Negro
499,XIAOMI, Xiaomi Note 13 Pro Plus 512Gb 12Gb En Ram Purpura
500,VIVO, VIVO Y38 5G 256 GB 8 GB RAM Azul
501,MOTOROLA, MOTOROLA Edge 50 Fusion 256 GB 8 GB RAM Rosado
502,HONOR, HONOR X6a Plus 256 GB 6 GB RAM Morado + SmartWatch
503,HONOR, HONOR X7B 256 GB 8 GB RAM Verde Esmeralda
504,XIAOMI, XIAOMI Redmi 12 128 GB 4 GB RAM Negro
505,OPPO, OPPO A17 64 GB 4 GB RAM Azul
506,APPLE,Iphone 14 Pro 256Gb Morado Oscuro Reacondicionado
507,IPHONE, Iphone 12 64 GB Negro Reacondicionado
508,APPLE,Iphone 11 64Gb White Reacondicionado
509,APPLE, Reacondicionado Iphone 11 64Gb Negro Apple
510,XIAOMI,Xiaomi 11 Lite 5G Ne 128 Azul Reacondicionado
511,APPLE,Iphone 14 128Gb Reacondicionado Lila
512,APPLE,Iphone 13 Pro Max 128Gb Grafito Reacondicionado
513,APPLE,Iphone 13 Pro Max 128Gb Oro Reacondicionado
514,APPLE,IPHONE 14 PRO 256 GB REACONDICIONADO COLOR PLATA
515,SAMSUNG, Samsung A25 128GB 6RAM Light Blue
516,APPLE,iPhone 13 Pro 256gb Dorado Reacondicionado + REGALO Audifonos & Cargador
517,APPLE,iPhone 12 128GB Blanco Reacondicionado
518,APPLE,iPhone 12 128GB Verde Reacondicionado
519,APPLE,iPhone 12 128GB Rojo Reacondicionado
520,APPLE,Iphone 12 Pro 256 Gb Plata Reacondicionado
521,XIAOMI,Xiaomi Redmi Note A3 64Gb 3Gb Ram Color Negro
522,XIAOMI,"Xiaomi 13T Pro Negro 12 GB + 512 GB, MediaTek Dimensity 9200+, Pantalla 6,67 pulgadas AMOLED FHD+, Cámara profesional Leica"
523,XIAOMI,Xiaomi Redmi Note 13 Pro Green 256Gb / 8Gb + Mi Band 8 Black
524,XIAOMI,Xiaomi Redmi Note 13 Dual Sim 256Gb / 8Gb + Mi Band 8 Black
525,APPLE,IPHONE 12 PRO MAX 256 GB REACONDICIONADO COLOR PLATA
526,APPLE, Reacondicionado Iphone 11 64Gb Verde Apple
527,SAMSUNG, Samsung Galaxy S21 Fe 256Gb Verde 5G
528,APPLE, Iphone 11 Rojo 128 Gb Reacondicionado
529,APPLE,iPhone 14 Pro 128 GB Oro
530,MOTOROLA, MOTOROLA Moto Edge 50 Pro 512 GB 12 GB RAM Morado
531,HONOR, HONOR X7B 256 GB 8 GB RAM Plateado
532,XIAOMI, XIAOMI Redmi 12 128 GB 4 GB RAM Azul
533,HONOR, HONOR X6s  128 GB 4 GB RAM Gris
534,SAMSUNG, Samsung Galaxy A15 4Gb + 128Gb Amarillo
535,XIAOMI,"Xiaomi Redmi Note 13 Pro 256Gb 8Gb, Black + Watch 3 Active"
536,TECNO, Tecno Camon 20 256Gb / 8Ram / 64Mp Blanco
537,APPLE,Iphone 12 Pro 128 Gb Dorado Reacondicionado
538,APPLE,Iphone Reacondicionado 12 Pro Max 256 Gbdorado
539,APPLE,Iphone 12 Pro 128 Gb Grafito Reacondicionado
540,APPLE,Iphone 12 Azul 64Gb Reacondicionado
541,XIAOMI, Xiaomi Redmi Note 13 Pro Plus 5G / 512 Gb / 12 Ram Blanco
542,APPLE,IPHONE 12 64 GB REACONDICIONADO COLOR AZUL
543,TECNO,TECNO POP 5 GO 1X16GB
544,APPLE, Iphone 12 Mini 128 Gb Azul Reacondicionado
545,TECNO, Smartphone Tecno Pop 5 Go Aether Black Rom 16Gb/Ram 1Gb
546,SAMSUNG, Samsung Galaxy A34 5G 128Gb Grafito
547,ZTE, Zte A3 Lite 1Gb 32Gb Negro
548,TECNO MOBILE, Tecno Spark 20 Pro 256Gb 8Gb Ram Blanco
549,HUAWEI, Huawei Y5 16Gb 2018 Negro
550,APPLE,Iphone 15 Pro Max 512Gb Titanio Blanco Esim
551,MOTOROLA,Motorola Moto G32 128 Dorado Reacondicionado
552,APPLE,iPhone 14 Pro Max 128Gb Morado Reacondicionado Audífonos + Cargador
553,SAMSUNG, Samsung Galaxy S21 Fe 5G 256Gb Verde Reacondicionado
554,APPLE, Iphone 13 Pro 1Tb Grafito Reacondicionado
555,APPLE, Reacondicionado Iphone 11 Pro 512Gb Plateado Silver
556,APPLE, Iphone 11 Reacondicionado Negro 128 Gb
557,APPLE, Reacondicionado Iphone 11 Amarillo 128 Gb
558,TCL, Tcl 408 64Gb 6Gb Ram Azul
559,APPLE,IPHONE 13 PRO MAX 256 GB REACONDICIONADO COLOR AZUL SIERRA
560,OPPO, Oppo A38 128Gb + 4 Ram Dorado
561,VIVO, Vivo V25e 128Gb Purpura Reacondicionado
562,APPLE,iPhone SE 2020 64Gb Red Reacondicionado + 14 Meses Garantia
563,APPLE,Iphone X 64Gb Silver Reacondicionado + 12 Meses Garantia
564,APPLE,Iphone 12 Pro 128Gb Reacondicionado Negro
565,APPLE,IPHONE 11 PRO MAX 256 GB REACONDICIONADO COLOR VERDE MEDIANOCHE
566,APPLE,IPHONE 11 PRO 64 GB REACONDICIONADO COLOR PLATA
567,APPLE,Iphone 14 128Gb Medianoche Reacondicionado
568,APPLE, Iphone Xr 128Gb Red Reacondicionado
569,APPLE,Iphone 12 128Gb Reacondicionado Lila
570,OPPO, Oppo A38 128Gb + 4 Ram Negro
571,APPLE,Iphone 13 Pro Max 256Gb Verde Alpino Reacondicionado
572,APPLE,Iphone 13 Pro 256Gb Plata Reacondicionado
573,APPLE,Iphone 13 Pro 256Gb Grafito Reacondicionado
574,APPLE,IPHONE 11 64 GB REACONDICIONADO COLOR NEGRO
575,APPLE,IPHONE 11 64 GB REACONDICIONADO COLOR BLANCO
576,APPLE,Iphone 14 Pro 256Gb Oro Reacondicionado
577,APPLE,iPhone 12 Pro Max 128GB Plata Reacondicionado
578,APPLE,iPhone 11 64Gb Rojo Reacondicionado + 14 Meses Garantia
579,APPLE,iPhone 12 Mini 64GB Negro Reacondicionado
580,APPLE,Iphone 12 64Gb Rojo Reacondicionado
581,APPLE, Reacondicionado Iphone 11 64Gb Blanco
582,APPLE,Iphone 12 64Gb Verde Reacondicionado
583,APPLE, Reacondicionado Iphone 11 Pro Max 256Gb Gris
584,APPLE,Iphone 12 Azul 64Gb Reacondicionado
585,APPLE,Reacondicionado Iphone 11 Pro Max 64 Gb Midnight Green
586,APPLE, Reacondicionado Iphone 11 Pro Max 256Gb Plata Apple
587,APPLE, Iphone 11 Reacondicionado Verde 128 Gb
588,XIAOMI, XIAOMI Redmi 12  256 GB 8 GB RAM Azul
589,APPLE,IPHONE 14 PRO 128 GB REACONDICIONADO COLOR MORADO
590,TECNO MOBILE, Tecno Pop 5 Go 16Gb/1 Ram Negro
591,APPLE, Reacondicionado Iphone 11 128Gb Blanco
592,TECNO MOBILE, Tecno Pova 6 256Gb/12Gb Ram Verde
593,XIAOMI,Xiaomi Redmi Note 11 128 Gris Reacondicionado
594,SAMSUNG, SAMSUNG Galaxy S23 FE 5G 128 GB 8 GB RAM Purpura
595,APPLE,Iphone 14 Pro 128Gb Negro Espacial Reacondicionado
596,APPLE, Reacondicionado Iphone Xr 256Gb Blanco Apple
597,XIAOMI, XIAOMI 11 Lite 128 GB 6 GB RAM Rosado
598,APPLE, Reacondicionado Iphone 8 256Gb Rojo Apple
599,APPLE,Iphone 14 Pro Max 256Gb Plata Reacondicionado
600,APPLE,Iphone 13 Pro Max 128Gb Plata Reacondicionado
601,APPLE,IPHONE 12 PRO 128 GB REACONDICIONADO COLOR PLATA
602,HONOR, HONOR X6s 128 GB 4 GB RAM Azul
603,XIAOMI, XIAOMI Redmi Note 12 128 GB 4 GB RAM Gris
604,APPLE,iPhone 14 Pro Max 512 GB Negro
605,MOTOROLA, MOTOROLA G32 128 GB 4 GB RAM Gris
606,APPLE, Reacondicionado Iphone Se 64Gb Blanco Apple
607,APPLE, Iphone 13 128Gb Blue
608,APPLE,Iphone 15 Pro 256Gb Titanio Azul Esim
609,APPLE,iPhone 8 Oro 64Gb + AirPods Pro 2
610,SAMSUNG, Samsung Galaxy A35 5G 256Gb 8Gb Ram Negro
611,APPLE, Iphone 11 Pro Reacondicionado Plateado 256 Gb
612,APPLE,iPhone 15 Pro Max 256gb Black Titanium Sim Fisica
613,XIAOMI, XIAOMI Redmi Note 12 128 GB 4 GB RAM Azul
614,APPLE,Iphone Reacondicionado 13 Pro 128 Gb Azul Sierra
615,APPLE,IPHONE 12 PRO MAX 256 GB REACONDICIONADO COLOR AZUL PACIFICO
616,APPLE,Iphone 13 Pro 256Gb Grafito Reacondicionado
617,VIVO, VIVO V30 SE 5G 256 GB 8 GB RAM Violeta + Audífonos
618,XIAOMI, Xiaomi Redmi Note 13 6Gb + 128Gb Color Negro
619,SAMSUNG, SAMSUNG Galaxy S24 AI 5G 256 GB 8 GB RAM AMARILLO
620,APPLE, Reacondicionado Iphone 11 Pro Max 64Gb Plata Apple
621,SAMSUNG, Samsung Galaxy A04s 128Gb 4Gb Ram Negro
622,TECNO, Tecno Pova 4 256Gb / 8 Ram / 50Mp Azul
623,VIVO, VIVO Y22S 6+ 128 GB 6 GB RAM Azul
624,NOKIA, Nokia 110 4G TA 1395 SS AZUL
625,ZTE, ZTE Blade V50 Design 256GB Ram 6+10GB Negro
626,APPLE,IPHONE 13 PRO 256 GB REACONDICIONADO COLOR AZUL SIERRA
627,APPLE, Iphone X 64Gb Silver Reacondicionado
628,XIAOMI, Xiaomi 12 Lite 256Gb/8 Ram Negro
629,SAMSUNG, Samsung Galaxy A03 64 Gb Negro
630,INFINIX, Infinix Smart 8 Verde Dual Sim 64Gb 3Gb Ram
631,SAMSUNG, Samsung Galaxy A24 128Gb Negro
632,APPLE, Reacondicionado Iphone 6S 32Gb Gris Espacial Apple
633,REALME, REALME Realme 12+ 5G 256 GB 8 GB RAM Beige
634,REALME, REALME 12 PRO+ 5G 512 GB 12 GB RAM Beige
635,APPLE, Reacondicionado Apple Iphone 8 64Gb Plata
636,VIVO,Vivo Y21s 128 Azul Reacondicionado
637,APPLE, Reacondicionado Iphone 11 128Gb Morado Apple
638,SAMSUNG, SAMSUNG S24+ 5G 256 GB 12 GB RAM VIOLETA
639,APPLE,IPHONE 14 PLUS 128 GB REACONDICIONADO COLOR BLANCO ESTELAR
640,XIAOMI, Xiaomi Redmi Note 12 Pro 5G 256Gb 8Gb Ram Negro
641,APPLE, Iphone 12 Mini 64Gb Verde Reacondicionado
642,APPLE, Iphone 13 Pro Max Gris 256Gb Reacondicionado
643,APPLE,Iphone 15 Pro Max 512Gb Titanio Negro Esim
644,MOTOROLA,Motorola Moto G42 128 Rosa Reacondicionado
645,HUAWEI,Huawei Y5 2018 16 Negro Reacondicionado
646,HUAWEI,Huawei Y9 2019 64 Azul Reacondicionado
647,VIVO,Vivo Y53s 128 Azul Reacondicionado
648,VIVO,Vivo Y33s 128 Negro Reacondicionado
649,XIAOMI,Xiaomi Redmi Note 8 64 Azul Reacondicionado
650,VIVO,Vivo Y21s 128 Tornasol Reacondicionado
651,SAMSUNG,Samsung Galaxy A04s 128 Negro Nuevo
652,APPLE,iPhone 12 Pro Plata 128GB Reacondicionado + Airpods Pro 2 AAA
653,APPLE,Iphone X 64Gb Plata Reacondicionado + 14 Meses Garantia
654,APPLE,Iphone X 64Gb Plata Reacondicionado + 12 Meses Garantia
655,APPLE,Iphone Se 2020 128Gb Negro Reacondicionado + 14 Meses Garantia
656,APPLE,iPhone SE 2020 Blanco 256GB AirPods Pro 2 Triple A
657,APPLE,Iphone Se2 128Gb Blanco Reacondicionado
658,APPLE, Reacondicionado Iphone Se 256Gb Blanco Apple
659,APPLE, Reacondicionado Iphone Xr 128Gb Azul Apple
660,APPLE, Reacondicionado Iphone 8 256Gb Rojo Apple
661,VIVO, Vivo Y51 128Gb Azul Reacondicionado
662,VIVO,Vivo Y20s 128 Azul Reacondicionado
663,SAMSUNG,Samsung Galaxy A33 5G 128 Negro Reacondicionado
664,VIVO,Vivo Y20s 128 Negro Reacondicionado
665,NOKIA,Nokia G10 64 Azul Reacondicionado
666,HUAWEI,Huawei Poco X3 Pro 64 Azul Reacondicionado
667,MOTOROLA,Motorola Edge 20 Lite 128 Gris Reacondicionado
668,SAMSUNG,Samsung Galaxy S22 128 Rosa Reacondicionado
669,APPLE,iPhone 12 Pro Grafito 128GB Reacondicionado + Airpods Pro 2 AAA
670,APPLE, Reacondicionado Iphone X 64Gb Gris Espacial Apple + 14 Meses Garantia
671,APPLE,iPhone 8 Rojo 64Gb + AirPods Pro 2
672,MOTOROLA,Moto G54 256 Gb Verde
673,SAMSUNG, Samsung S22 5G 128Gb Negro Reacondicionado
674,SAMSUNG, Samsung Galaxy Note 20 128Gb Gris Reacondicionado
675,APPLE, Iphone 11 128GB Negro Reacondicionado
676,APPLE,Iphone 13 Pro 128Gb Oro Reacondicionado
677,APPLE, Iphone Xr 64Gb Blanco Reacondicionado
678,APPLE, Reacondicionado Iphone 11 128Gb Blanco Apple
679,APPLE, Reacondicionado Iphone 11 128Gb Negro Apple
680,APPLE, Reacondicionado Iphone Xr 128Gb Coral Apple
681,APPLE, Iphone 11 Reacondicionado Blanco 128 Gb
682,APPLE, Iphone 11 Reacondicionado Morado 128 Gb
683,APPLE, Iphone Xr Reacondicionado Blanco 64 Gb
684,SAMSUNG, Samsung Galaxy M15 5G 128 Gb 4Ram Dual Sim Azul Claro
685,APPLE,Reacondicionado iPhone 13 Pro 256gb Dorado
686,XIAOMI," Xiaomi Redmi A3, 64Gb / 3Gb, Negro + Mi Band 8 Active"
687,XIAOMI, XIAOMI Redmi Note 12 Pro+ 5G 256 GB 8 GB RAM Azul
688,APPLE,iPhone SE 2020 64Gb Black Reacondicionado + 14 Meses Garantia
689,SAMSUNG, SAMSUNG Galaxy A54 5G 256 GB 6 GB RAM Negro
690,SAMSUNG, Samsung Galaxy S24 Plus 512Gb 12Ram 50Mp Gris
691,OPPO,Oppo A38 128/4Gb Color Gold 4G
692,APPLE, Reacondicionado Iphone 11 128Gb Blanco Apple
693,APPLE,Iphone 11 64Gb Reacondicionado Verde
694,APPLE,Iphone 12 128Gb Reacondicionado Verde
695,APPLE,Iphone 11 64Gb Reacondicionado Lila
696,APPLE,Iphone 12 128Gb Reacondicionado Rojo
697,APPLE,Iphone 13 128Gb Reacondicionado Rojo
698,APPLE,Iphone 12 Pro Max 128Gb Reacondicionado Negro
699,APPLE,Iphone 11 Pro 256Gb Reacondicionado Blanco
700,APPLE, Iphone 13 Pro 256Gb Grafito Reacondicionado
701,APPLE, Iphone 13 Pro 256Gb Verde Alpino Reacondicionado
702,APPLE,Iphone 11 64Gb Plata Reacondicionado
703,APPLE,Iphone 12 128Gb Negro Reacondicionado
704,APPLE,iPhone 11 128 GB Blanco Nuevo
705,APPLE,IPHONE 12 128 GB REACONDICIONADO COLOR BLANCO
706,APPLE,Iphone 14 128Gb Azul Reacondicionado
707,APPLE,Iphone 13 Pro 128Gb Grafito Reacondicionado
708,APPLE,iPhone 11 Rojo 64GB Reacondicionado AirPods Pro AAA
709,APPLE,Iphone 11 64Gb Red Reacondicionado
710,APPLE,Iphone 11 64Gb Verde Menta Reacondicionado
711,APPLE, Reacondicionado Iphone 11 64Gb Negro + Audifinos Tws Blancos
712,APPLE, Reacondicionado Iphone 12 Pro 128Gb Dorado
713,APPLE, Apple Iphone 13 Pro Max Azul 256Gb Reacondicionado
714,APPLE, Reacondicionado Iphone 12 Pro Max 128Gb Azul Pacífico Pacific Blue
715,APPLE, Reacondicionado Iphone 11 Pro Max 256 Gb Verde Medianoche Midnight Green
716,APPLE, Reacondicionado Iphone 11 Pro Max 64Gb Dorado Apple
717,APPLE, Reacondicionado Iphone 11 Pro 64Gb Gris Espacial Apple
718,APPLE, Reacondicionado Iphone Xr 64Gb Negro Apple
719,APPLE, Iphone 11 Pro Max Reacondicionado Plateado 256 Gb
720,APPLE,Reacondicionado Iphone 11 Pro 256 Gb Silver
721,VIVO,CELULAR VIVO V25 PRO 256GB 12GB 5G NEGRO
722,APPLE,IPHONE 14 PLUS 128 GB REACONDICIONADO COLOR MEDIA NOCHE
723,VIVO, Vivo V25 128Gb Dorado Reacondicionado
724,APPLE,Iphone 14 Pro Max 128Gb Reacondicionado Dorado
725,XIAOMI, Poco X6 Pro 5G 8/256 Negro
726,HONOR, HONOR Honor 90 Lite 5G 256 GB 8 GB RAM Azul + Honor X6s
727,XIAOMI, Xiaomi Redmi Note 11 128Gb / 50Mp / 6Ram Azul Estelar + Forro
728,APPLE, Reacondicionado Iphone Xr 128Gb Amarillo Apple
729,APPLE, Reacondicionado Iphone Se 2020 64Gb Negro Apple
730,APPLE, Iphone 11 Reacondicionado Rojo 128 Gb
731,APPLE, Iphone X Reacondicionado Plateado 64 Gb
732,APPLE,Iphone 11 Blanco 64Gb
733,XIAOMI,XIAOMI Poco X3 Gt 128 GB Negro
734,SAMSUNG, Samsung Galaxy S21 Fe 256Gb 8Ram 12Mpx Grafito
735,APPLE, Iphone 12 Mini 64Gb Blanco Reacondicionado
736,APPLE, Reacondicionado Iphone Xr 64Gb Coral Apple
737,APPLE, Reacondicionado Iphone 11 128Gb Rojo Apple
738,APPLE, Iphone 11 Pro Reacondicionado Gris Espacial 256 Gb
739,APPLE, Iphone Xr Reacondicionado Negro 128 Gb
740,HONOR, HONOR X6a Plus 256 GB 6 GB RAM Azul + SmartWatch
741,APPLE,iPhone 13 128 GB Blanco Estelar Nuevo
742,XIAOMI, XIAOMI Redmi Note 12S 256 GB 8 GB RAM Gris
743,XIAOMI, XIAOMI Redmi 12 128 GB 4 GB RAM Negro
744,SAMSUNG, SAMSUNG S23 5G 128 GB 8 GB RAM Negro
745,APPLE,iPhone 11 64 GB Negro
746,APPLE,IPHONE 14 PRO 256 GB REACONDICIONADO COLOR NEGRO ESPACIAL
747,HONOR, HONOR X8B 256 GB 8 GB RAM Plateado + Audífonos
748,TECNO MOBILE, TECNO MOBILE BG7 128 GB 8 GB RAM Blanco
749,REALME, REALME C51 128 GB 4 GB RAM Verde
750,APPLE,Iphone 14 Pro Max 256Gb Reacondicionado Dorado
751,XIAOMI, Xiaomi Pocophone Poco M6 Pro 8 Gb + 256 Gb Negro
752,HONOR, Honor X7a 128Gb / 6Ram / 64Mpx / 50Mpx Silver
753,APPLE,Iphone 13 256Gb Blanco Estelar Reacondicionado
754,XIAOMI, XIAOMI Redmi Note 13 256 GB 8 GB RAM Verde
755,TECNO, Tecno Spark 10 128Gb / 8Ram / 16Mp Negro
756,XIAOMI, Xiaomi Redmi Note 12 4G 128Gb / 4Ram / 50Mp Verde
757,XIAOMI, Xiaomi Redmi Note 12 4G 128Gb / 4Ram / 50Mp Gris
758,APPLE,Reacondicionado Iphone 11 64 Gb White
759,APPLE,iPhone 11 Negro 64GB Reacondicionado + AirPods Pro AAA
760,SAMSUNG, Samsung Galaxy S24 5G 256Gb 8Ram 50Mp Negro
761,MOTOROLA, MOTOROLA G04s 128 GB 4 GB RAM Azul
762,TECNO MOBILE, TECNO MOBILE CL6 256 GB 8 GB RAM Blanco MANUAL INSTRUCCIONES; PIN BANDEJA; ESTUCHE TRASERO
763,INFINIX, INFINIX HOT 40i 256 GB 8 GB RAM Dorado
764,SAMSUNG, SAMSUNG S24+ 5G 256 GB 12 GB RAM GRIS
765,REALME, REALME C53 256 GB 8 GB RAM Negro
766,HONOR, HONOR X6A Plus 128 GB 6 GB RAM Morado
767,SAMSUNG, SAMSUNG Galaxy S24 AI 5G 256 GB 8 GB RAM GRIS  + Cover
768,XIAOMI, XIAOMI Redmi Note 12S  256 GB 8 GB RAM Verde
769,TECNO MOBILE, TECNO MOBILE Tecno Spark 10PRO 256 GB 8 GB RAM Blanco
770,MOTOROLA, MOTOROLA Moto G13 128 GB 4 GB  RAM Azul
771,OPPO, OPPO A77 128 GB 4 GB RAM Azul
772,MOTOROLA, MOTOROLA Moto G52 128 GB 6 GB  RAM Azul
773,SAMSUNG, SAMSUNG Galaxy A03 32 GB 3 GB  RAM Azul
774,APPLE,IPHONE 12 128 GB REACONDICIONADO COLOR NEGRO
775,HONOR, Honor X8b 512Gb 8Gb+8Gb Ram Plata
776,SAMSUNG, Samsung Galaxy A05s 6Gb 128Gb Violeta Claro
777,SAMSUNG, Samsung Galaxy A15 6Gb + 128Gb Azul Claro
778,APPLE, Iphone 11 128Gb 4Ram 12Mpx Negro
779,APPLE,Iphone 15 Pro 128Gb Titanio Azul Esim
780,SAMSUNG,Samsung Galaxy S24 Plus 512GB Violeta
781,GENERICO, Xiaomi Redmi Note 10S 6GB + 128GB Azul
782,APPLE,iPhone 12 Pro 256GB Grafito Reacondicionado
783,APPLE, Reacondicionado Iphone 12 Pro Max 128Gb Oro Apple
784,SAMSUNG, SAMSUNG A05 64 GB 4 GB RAM Verde
785,APPLE,Iphone 15 Pro 512Gb Titanio Azul Esim
786,APPLE,IPHONE 14 PRO MAX 128 GB REACONDICIONADO COLOR PLATA
787,MOTOROLA, MOTOROLA G04s 128 GB 4 GB RAM Verde
788,MOTOROLA, MOTOROLA G04s 128 GB 4 GB RAM Negro
789,MOTOROLA, MOTOROLA G04s 128 GB 4 GB RAM Naranja
790,VIVO, VIVO V30 SE 5G 256 GB 8 GB RAM Negro + Audífonos
791,REALME, REALME Realme 12+ 5G 256 GB 8 GB RAM Verde CARGADOR / FUNDA
792,HONOR, HONOR X6a Plus 256 GB 6 GB RAM Azul
793,SAMSUNG, SAMSUNG S24+ 5G 256 GB 12 GB RAM NEGRO
794,REALME, REALME C53 256 GB 8 GB RAM Dorado
795,HONOR, HONOR X6A Plus 128 GB 6 GB RAM Azul
796,SAMSUNG, SAMSUNG Galaxy S24 AI 5G 256 GB 8 GB RAM NEGRO  + Cover
797,SAMSUNG, SAMSUNG Galaxy S24 AI 5G 256 GB 8 GB RAM GRIS
798,SAMSUNG, SAMSUNG Galaxy S24 AI 5G 128 GB 8 GB RAM NEGRO
799,SAMSUNG, SAMSUNG Galaxy S24 AI 5G 128 GB 8 GB RAM GRIS
800,TECNO MOBILE, TECNO MOBILE Tecno Camon 20Pro MR DOODLE 256 GB 8 GB RAM NEGRO
801,HONOR, HONOR Honor 90 Lite 5G 256 GB 8 GB RAM Negro + Honor X6s
802,MOTOROLA, MOTOROLA Moto G14 128 GB 4 GB RAM Blanco cargador
803,SAMSUNG, SAMSUNG Z FLIP 5 5G 512 GB 8 GB RAM Verde  + 8GB
804,MOTOROLA, MOTOROLA Moto E22 128 GB 4 GB RAM Blanco
805,INFINIX, INFINIX HOT 30i 128 GB 4 GB RAM Negro
806,XIAOMI, XIAOMI Redmi Note 12S 256 GB 8 GB RAM Azul
807,XIAOMI, XIAOMI Redmi Note 12 128 GB 4 GB RAM Azul
808,XIAOMI, XIAOMI Redmi Note 12 128 GB 4 GB RAM Gris
809,XIAOMI, XIAOMI Redmi 12 128 GB 4 GB RAM Blanco
810,TECNO MOBILE, TECNO MOBILE Tecno Camon 20  256 GB 8 GB RAM Azul
811,XIAOMI, XIAOMI Redmi Note 12S  256 GB 8 GB RAM Azul
812,XIAOMI, XIAOMI Redmi Note 12S  256 GB 8 GB RAM Gris
813,TECNO MOBILE, TECNO MOBILE Tecno Spark 10C 128 GB 8 GB RAM Verde
814,XIAOMI, XIAOMI Redmi Note 12 Pro+ 5G 256 GB 8 GB RAM Negro
815,XIAOMI, XIAOMI Redmi Note 12 128 GB 4 GB RAM Verde
816,SAMSUNG, SAMSUNG S23+ 5G 256 GB 8 GB RAM Negro
817,SAMSUNG, SAMSUNG S23+ 5G 512 GB 8 GB RAM Negro
818,SAMSUNG, SAMSUNG S23+ 5G 512 GB 8 GB RAM Verde
819,SAMSUNG, SAMSUNG S23+ 5G 512 GB 8 GB RAM Rosa
820,APPLE,iPhone 14 Pro Max 256 GB Morado
821,APPLE,iPhone 14 Plus 256 GB Medianoche
822,APPLE,iPhone 14 Pro 1 TB Negro
823,APPLE,iPhone 14 Pro 256 GB Negro
824,APPLE,iPhone 14 Pro 512 GB Morado
825,APPLE,iPhone 14 Pro 512 GB Negro
826,APPLE,iPhone 14 Pro 256 GB Morado
827,APPLE,iPhone 14 Plus 256 GB Azul
828,MOTOROLA, MOTOROLA G32 128 GB 4 GB RAM Rosado
829,TECNO MOBILE, TECNO MOBILE TECNO SPARK 8C 64GB KG5J 64 GB 2 GB RAM Purpura
830,TECNO MOBILE, TECNO MOBILE TECNO POVA 4 LG7N 128 GB 8 GB RAM Grey
831,VIVO, VIVO Y35 128 GB 8 GB RAM Negro
832,VIVO, VIVO Y35 128 GB 8 GB RAM Dorado
833,VIVO, VIVO Y16 128 GB 4 GB RAM Dorado
834,XIAOMI, XIAOMI Xiaomi 12T 256GB 256 GB 8 GB RAM Negro
835,OPPO, OPPO A77 128 GB 4 GB RAM Negro
836,SAMSUNG, SAMSUNG Galaxy Z Fold 4 5G 256 GB 12 GB RAM Negro + Watch 4 + Case
837,MOTOROLA, MOTOROLA Moto G22 128 GB 4 GB  RAM Blanco
838,APPLE,iPhone SE 128 GB Azul Medianoche
839,XIAOMI,XIAOMI Redmi 10 128 GB Blanco
840,REALME, REALME C21Y 64 GB 4 GB RAM Negro
841,REALME, REALME C11 32 GB 2 GB RAM Gris
842,NOKIA, NOKIA 110 4 MB Negro
843,VIVO, VIVO Y20s 128 GB 4 GB RAM Azul
844,XIAOMI, Xiaomi Redmi 13 128Gb + 6 Ram Dorado Arena
845,INFINIX, Infinix Smart 8 Pro 4 Gb + 256Gb Azul
846,KALLEY, Kalley Black 1 128Gb Azul
847,INFINIX, Infinix Smart 8 Pro 4 Gb + 256Gb Negro
848,MOTOROLA, Moto G24 4Gb + 256Gb Negro
849,KODAK,Kodak Nuevo Seren D60lx 32Gb Negro
850,GOOGLE, Libre Google Pixel 8A 128 Gb Negro 5G Us
851,XIAOMI, Xiaomi Redmi 13 8/256 Gb Negro
852,XIAOMI, Poco X6 Pro 5G 8/256 Gris
853,VIVO, Vivo V25 Pro 256 Gb / 12 Ram 5G Azul
854,SAMSUNG, Samsung Galaxy A35 5G Dual Sim 256Gb + 8Gb Azul Claro
855,REALME, Realme C53 256Gb 8Gb Champion Gold Int+Nfc Rmx3760
856,SAMSUNG, Samsung Galaxy A35 5G Dual Sim 256Gb + 8Gb Azul Oscuro
857,SAMSUNG, Samsung Galaxy M34 5G Dual Sim 128Gb + 6Gb Azul Marino
858,NOKIA, Nokia 105 4G
859,ULEFONE,"Ulefone Armor 22, 12Gb 128Gb 4G Dual Android 13"
860,XIAOMI, Xiaomi Redmi 13 256Gb 8Ram Negro 4G
861,XIAOMI," Xiaomi Redmi A3, 64Gb / 3Gb, Azul + Buds 4 Active Wht"
862,XIAOMI," Xiaomi Redmi A3, 64Gb / 3Gb, Negro + Buds 4 Active Wht"
863,XIAOMI, Xiaomi Redmi Note 10S Onyx Gray 6Gb 128Gb
864,APPLE,Iphone 15 Plus 128 Gb Reacondicionado Color Azul Esim
865,XIAOMI," Xiaomi Redmi A3, 64Gb / 3Gb, Azul + Watch 3 Active Blk"
866,XIAOMI," Xiaomi Redmi A3, 64Gb / 3Gb, Negro + Buds 4 Active"
867,XIAOMI," Xiaomi Redmi A3, 64Gb / 3Gb, Verde + Buds 4 Active"
868,XIAOMI," Xiaomi Redmi A3, 64Gb / 3Gb, Azul + Mi Band 8 Active"
869,XIAOMI," Xiaomi Redmi A3, 64Gb / 3Gb, Verde + Buds 4 Active Wht"
870,TECNO, Tecno Pova 6 256Gb/12Gb Ram Grey
871,XIAOMI," Xiaomi Redmi A3, 64Gb / 3Gb, Verde + Mi Band 8 Active Blk"
872,XIAOMI," Xiaomi Redmi A3, 64Gb / 3Gb, Azul + Buds 4 Active"
873,MOTOROLA, Motorola G54 5G 128 Gb 8 Ram 50 Mp Single Sim Azul
874,APPLE, Iphone 13 Pro 1Tb Azul Sierra Reacondicionado
875,XIAOMI, Xiaomi Poco F6 Verde 512 Gb 12 Ram 4G
876,KALLEY, Kalley Black Z 6+128Gb Verde
877,APPLE, Iphone 14 Pro Max 512Gb Graphite Reacondicionado
878,XIAOMI,"Xiaomi Redmi Note 13 Dual Sim 256Gb, 8Gb + Watch 3 Wht"
879,XIAOMI, Xiaomi Redmi 13C 8Gb + 256 Gb Negro
880,XIAOMI, Xiaomi Redmi 13C 4 Gb+ 256 Gb Verde
881,OUKITEL, Oukitel Wp17 Dual Sim 128 Gb Black 8 Gb Ram
882,KALLEY, Kalley Black 3 256Gb Morado
883,VIVO, Vivo Y51 128Gb Blanco Reacondicionado
884,VIVO, Vivo Y35 256Gb Negro Reacondicionado
885,VIVO, Vivo Y36 128Gb Verde Turqueza Reacondicionado
886,VIVO, Vivo Y50 128Gb Negro Reacondicionado
887,VIVO, Vivo Y50 128Gb Azul Reacondicionado
888,VIVO, Vivo Y36 128Gb Negro Reacondicionado
889,VIVO, Vivo Y20s 128Gb Azul Reacondicionado
890,VIVO, Vivo Y35 128Gb Negro Reacondicionado
891,VIVO, Vivo Y33 128Gb Azul Reacondicionado
892,VIVO, Vivo Y27 128Gb Azul Reacondicionado
893,VIVO, Vivo Y33 128Gb Negro Reacondicionado
894,VIVO, Vivo Y27 128Gb Negro Reacondicionado
895,VIVO, Vivo V25 128Gb Negro Reacondicionado
896,VIVO, Vivo V20 128Gb Azul Reacondicionado
897,TECNO MOBILE, Tecno Spark 20 Pro 256Gb 8Gb Ram Blanco
898,XIAOMI, Xiaomi Pocophone Poco X6 5G 256Gb + 8Gb Negro
899,XIAOMI, Xiaomi Pocophone Poco X6 5G 256Gb + 12Gb Negro
900,SAMSUNG, Samsung Galaxy A35 5G 8Gb + 256 Gb Azul
901,TECNO MOBILE, Tecno Spark Go 2024 128Gb/4Gb Ram Dorado
902,XIAOMI, Xiaomi Redmi Note 13 5G 6 Gb + 128 Gb Azul
903,XIAOMI, Xiaomi Redmi 12 4 Gb + 128 Gb Negro
904,XIAOMI, Xiaomi Redmi Note 13 8 Gb + 128 Gb Negro
905,APPLE, Iphone 13 Pro 1 Tb Oro Reacondicionado
906,MOTOROLA,Motorola Edge 40 8/256Gb Verde Claro
907,KRIP,Krip K56 2/64Gb Negro 4G
908,NOKIA,Nokia X20 6Gb/128Gb Azul
909,APPLE,Iphone 12 256Gb Negro
910,SAMSUNG, Samsung Galaxy A05s 128 Gb 6 Gb Ram Negro
911,MOTOROLA,"Motorola Moto G72 128Gb, 6Gb Azul + Xiaomi Redmi Watch 3 Active"
912,XIAOMI,Xiaomi Redmi 10A 3/64Gb Negro
913,NOKIA,Nokia G11 Plus 3/64Gb Gris
914,KRIP,Krip K69 8/256Gb Negro 4G
915,KRIP,Krip K58b 2/64Gb Negro
916,TCL,Smartphone Tcl 40 Nxtpapaer 256 Gb
917,SAMSUNG, Samsung Galaxy A32 128Gb Azul Reacondicionado
918,TCL,Smartphone Tcl 40 Se 256 Gb
919,SAMSUNG, Samsung Galaxy A32 128Gb Negro Reacondicionado
920,VIVO,Vivo Y27 6/128Gb Claro Azul
921,OPPO,Oppo A58 6/128Gb
922,APPLE, Iphone 13 Pro 1Tb Plata Reacondicionado
923,XIAOMI,Xiaomi Redmi Note 10S 128 Gris Reacondicionado
924,SAMSUNG,Samsung Galaxy A72 128 Negro Reacondicionado
925,MOTOROLA,Motorola Moto G60 128 Negro Reacondicionado
926,SAMSUNG,Samsung Galaxy M23 128 Azul Claro Reacondicionado
927,NOKIA,Nokia G11 Plus 64 Azul Reacondicionado
928,HUAWEI,Huawei Y8s 64 Negro Reacondicionado
929,MOTOROLA,Motorola Moto G32 128 Negro Reacondicionado
930,VIVO,Vivo V21 128 Negro Reacondicionado
931,SAMSUNG,Samsung Galaxy S22 Plus 256 Negro Reacondicionado
932,XIAOMI,Xiaomi Redmi Note 10 Pro 128 Gris Reacondicionado
933,XIAOMI,Xiaomi Redmi Note 9 128 Azul Reacondicionado
934,MOTOROLA,Motorola Moto G100 128 Azul Reacondicionado
935,XIAOMI,Xiaomi Redmi Note 11 128 Azul Reacondicionado
936,MOTOROLA,Motorola Moto E7 Plus 64 Azul Mystic Reacondicionado
937,SAMSUNG,Samsung Galaxy M31 128 Fucsia Reacondicionado
938,VIVO,Vivo Y50 128 Negro Reacondicionado
939,VIVO,Vivo V21 128 Azul Ocaso Reacondicionado
940,MOTOROLA,Motorola Moto G32 128 Gris Reacondicionado
941,VIVO,Vivo Y22s 128 Azul Destellante Reacondicionado
942,XIAOMI,Xiaomi Redmi Note 11 128 Blanco Reacondicionado
943,XIAOMI,Xiaomi Redmi Note 10 Pro 128 Azul Reacondicionado
944,MOTOROLA,Motorola Moto G200 128 Morado Reacondicionado
945,XIAOMI,Xiaomi Redmi Note 11S 128 Azul Reacondicionado
946,XIAOMI,Xiaomi Redmi Note 11 128 Azul Ocaso Reacondicionado
947,VIVO,Vivo Y33s 128 Azul Reacondicionado
948,SAMSUNG,Samsung Galaxy A53 128 Azul Reacondicionado
949,MOTOROLA,Motorola Moto G31 128 Azul Reacondicionado
950,SAMSUNG,Samsung Galaxy A71 128 Verde Menta Reacondicionado
951,NOKIA,Nokia 1 Plus 16 Azul Reacondicionado
952,HUAWEI,Huawei Y7 Prime 2019 32 Aurora Azul Reacondicionado
953,HUAWEI,Huawei Y8s 64 Verde Reacondicionado
954,NOKIA, Nokia 5.3 64 Negro Reacondicionado
955,SAMSUNG,Samsung Galaxy S22 Plus 256 Blanco Reacondicionado
956,HUAWEI,Huawei Y9 2018 32 Azul Reacondicionado
957,XIAOMI,Xiaomi Redmi Note 9 128 Verde Reacondicionado
958,SAMSUNG,Samsung Galaxy M23 128 Verde Oscuro Reacondicionado
959,MOTOROLA,Motorola Moto G60 128 Gris Reacondicionado
960,VIVO,Vivo Y50 128 Azul Reacondicionado
961,XIAOMI,Xiaomi Redmi 9C 64 Gris Reacondicionado
962,XIAOMI,Xiaomi Redmi Note 10 Pro 128 Azul Glaciar Reacondicionado
963,HYUNDAI,Hyundai L553 16 Rojo Reacondicionado
964,HYUNDAI,Hyundai L553 16 Verde Reacondicionado
965,XIAOMI,Xiaomi Mi 10T Pro 256 Azul Reacondicionado
966,ZTE, Zte Blade V50 Vita 256Gb 4Gb + 10Gb Ram Negro
967,MOTOROLA, Motorola G22 / 128 Gb / 4 Ram / 50 Mpx Blanco 4G 1 Sim
968,GOOGLE, Google Pixel 7 5G 256Gb Blanco
969,GOOGLE, Google Pixel 7 5G 128Gb 8Gb Ram Blanco
970,MOTOROLA, Motorola G34 256Gb 5G Verde
971,GOOGLE, Google Pixel 7A Dual Sim 128 Gb Nieve 8 Gb Ram
972,MOTOROLA, Motorola G34 256Gb 5G Negro
973,GOOGLE, Google Pixel 8 Pro Negro 128Gb
974,APPLE,Iphone 12 Pro 256Gb Reacondicionado Azul
975,APPLE,Iphone 12 Pro 256Gb Reacondicionado Negro
976,APPLE,Iphone 14 Pro 256Gb Reacondicionado Dorado
977,APPLE,Iphone 11 Pro 256Gb Reacondicionado Negro
978,APPLE,Iphone 12 Pro 256Gb Reacondicionado Blanco
979,APPLE,Iphone 14 128Gb Reacondicionado Rojo
980,APPLE,Iphone 12 64Gb Reacondicionado Rojo
981,APPLE,Iphone 15 128Gb Reacondicionado Azul
982,SAMSUNG,Samsung Galaxy S24 256Gb Nuevo Gris
983,APPLE,Iphone 12 64Gb Reacondicionado Lila
984,APPLE,Iphone 13 Pro 128Gb Reacondicionado Blanco
985,APPLE,Iphone 13 128Gb Reacondicionado Azul
986,MOTOROLA,Motorola Moto G13 128Gb 4Gb Negro
987,XIAOMI,Xiaomi Redmi Note 11 Pro 128Gb 6Gm Ram Blanco
988,SAMSUNG, Samsung Galaxy Z Flip 5 5G 512Gb 8Gb Ram Rosado
989,REALME,Combo  Realme C55 8Gb Ram 256Gb + Lamina Hidrogel
990,APPLE,Iphone 15 Pro 512Gb Titanio Azul Esim
991,APPLE, Iphone 13 Pro 256Gb Oro Reacondicionado
992,APPLE, Iphone 13 Pro 128Gb Plata Reacondicionado
993,SAMSUNG, Samsung S22 5G 128Gb Verde Reacondicionado
994,APPLE, Iphone 13 Pro 256Gb Plata Reacondicionado
995,APPLE, Iphone 13 Pro 128Gb Verde Alpino Reacondicionado
996,APPLE,iphone 13 Pro 256Gb Azul Sierra Reacondicionado
997,APPLE, Iphone 13 Pro 128Gb Grafito Reacondicionado
998,APPLE, Iphone 13 Pro 128Gb Azul Sierra Reacondicionado
999,APPLE, Iphone 13 Pro 128Gb Oro Reacondicionado
1000,OPPO, Oppo A58 256Gb 6Gb Verde
1001,APPLE,Iphone 13 Pro 256Gb Oro Reacondicionado
1002,XIAOMI, Xiaomi Poco F5 12Ram 256Gb 67W Negro
1003,XIAOMI, Xiaomi Redmi 12C Graphite Gray 4Gb + 128 Ram
1004,INFINIX, Infinix Hot 40 Pro 256Gb/ 8Ram/ Verde
1005,OPPO, Oppo A58 256 Gb / 8Ram / 50Mpx Negro
1006,SAMSUNG, Samsung S22 5G 256Gb Negro Reacondicionado
1007,SAMSUNG, Samsung S22 5G 128Gb Rosa Reacondicionado
1008,SAMSUNG, Samsung S22 5G 128Gb Purpura Reacondicionado
1009,XIAOMI, Oppo A58 128 Gb / 6Ram / 50Mpx Negro
1010,TECNO, Tecno Spark Go 2024 64Gb / 4Ram / 13Mp Negro
1011,OPPO, Oppo A58 128Gb / 6Ram / 50Mpx Verde
1012,INFINIX, Infinix Zero 30 256Gb / 8Ram / 108Mp Dorado
1013,TECNO, Tecno Spark Go 2024 128Gb / 4Ram / 13Mp Negro
1014,XIAOMI, Xiaomi Poco X6 5G 256Gb 12 Ram Color Black (Negro)
1015,APPLE,Iphone 13 256Gb Rojo Reacondicionado
1016,APPLE,Iphone 13 256Gb Medianoche Reacondicionado
1017,APPLE,Iphone 13 256Gb Rosa Reacondicionado
1018,APPLE,Iphone 13 256Gb Azul Reacondicionado
1019,SAMSUNG,SAMSUNG GALAXY A22 NEGRO REACONDICIONADO
1020,XIAOMI, Xiaomi Poco X6 5G 256/8gb negro
1021,APPLE,Iphone 13 Pro Max 256Gb Azul Sierra Reacondicionado
1022,APPLE,Iphone 13 Pro Max 128Gb Azul Sierra Reacondicionado
1023,APPLE,Iphone 11 64Gb Gris Espacial Reacondicionado
1024,APPLE,Iphone 13 Pro Max 256Gb Grafito Reacondicionado
1025,GENERICO, Xiaomi Redmi Note 10S 6GB +128GB Blanco
1026,XIAOMI, Xiaomi redmi Note 13 5G 256/8GB negro
1027,APPLE,Iphone 12 Pro 256Gb Azul Pacifico Reacondicionado
1028,APPLE,Iphone 11 64Gb Verde Reacondicionado
1029,APPLE,Iphone 12 128Gb Verde Reacondicionado
1030,APPLE,Iphone 14 Pro Max 128Gb Morado Oscuro Reacondicionado
1031,XIAOMI, Xiaomi Pocophone Poco X6 5G 8 Gb + 256 Gb Azul
1032,APPLE, Reacondicionado iPhone 12 Mini Blanco 64Gb
1033,APPLE,Iphone 13 Pro 256Gb Verde Alpino Reacondicionado
1034,APPLE,Iphone 13 Pro Max 256Gb Plata Reacondicionado
1035,APPLE,Iphone 13 Pro 256Gb Oro Reacondicionado
1036,APPLE,Iphone 13 Pro 128Gb Verde Alpino Reacondicionado
1037,GENERICO,XIAOMI POCO C65 256GB Negro
1038,XIAOMI, Xiaomi Mi 12 256gb 8gb Ram Blue
1039,XIAOMI,CELULAR POCO M6 PRO 12GB RAM / 512 ROM COLOR MORADO
1040,XIAOMI,CELULAR POCO M6 PRO 12GB RAM / 512 ROM COLOR AZUL
1041,INFINIX, Infinix Smart 8 Dorado Dual Sim 64Gb 3+3Gb Ram 5000 Mah 90Hz
1042,XIAOMI,XIAOMI POCO
1043,XIAOMI,XIAOMI POCO
1044,XIAOMI,Xiaomi POCO F5 256GB Negro Nuevo
1045,APPLE,Iphone 15 Pro 256Gb Titanio Natural Esim
1046,APPLE,iPhone 11 128 GB Negro Nuevo
1047,APPLE,iPhone 14 128 Gb Media Noche
1048,APPLE,iPhone 13 128 GB Media Noche Nuevo
1049,APPLE,iPhone 11 64 GB Blanco Nuevo
1050,APPLE,iPhone 11 64 GB Negro Nuevo
1051,APPLE,iPhone 14 128 GB Azul Nuevo
1052,APPLE,iPhone 14 128 GB Blanco Estelar Nuevo
1053,XIAOMI REDMI, Xiaomi Redmi A2 64gb Azul
1054,APPLE,IPHONE 14 PRO MAX 256 GB REACONDICIONADO COLOR NEGRO ESPACIAL
1055,APPLE,IPHONE 14 PRO MAX 128 GB REACONDICIONADO COLOR NEGRO ESPACIAL
1056,APPLE,IPHONE 14 PRO 128 GB REACONDICIONADO COLOR PLATA
1057,APPLE,IPHONE 14 PRO 128 GB REACONDICIONADO COLOR NEGRO ESPACIAL
1058,APPLE,IPHONE 14 128 GB REACONDICIONADO COLOR AZUL
1059,APPLE,IPHONE 13 PRO MAX 256 GB REACONDICIONADO COLOR VERDE ALPINO
1060,APPLE,IPHONE 13 PRO MAX 256 GB REACONDICIONADO COLOR GRAFITO
1061,APPLE,IPHONE 13 PRO 256 GB REACONDICIONADO COLOR GRAFITO
1062,APPLE,IPHONE 13 PRO 128 GB REACONDICIONADO COLOR AZUL SIERRA
1063,APPLE,IPHONE 13 128 GB REACONDICIONADO COLOR VERDE
1064,APPLE,IPHONE 12 PRO MAX 128 GB REACONDICIONADO COLOR AZUL PACIFICO
1065,APPLE,IPHONE 12 PRO MAX 128 GB REACONDICIONADO COLOR PLATA
1066,APPLE,IPHONE 12 64 GB REACONDICIONADO COLOR BLANCO
1067,APPLE,IPHONE 11 PRO MAX 256 GB REACONDICIONADO COLOR PLATA
1068,APPLE,IPHONE 11 PRO MAX 64 GB REACONDICIONADO COLOR PLATA
1069,APPLE,IPHONE 11 PRO MAX 64 GB REACONDICIONADO COLOR GRIS ESPACIAL
1070,APPLE,IPHONE 11 PRO MAX 64 GB REACONDICIONADO COLOR VERDE MEDIANOCHE
1071,APPLE,IPHONE 11 PRO 64 GB REACONDICIONADO COLOR GRIS ESPACIAL
1072,APPLE,IPHONE 11 PRO 64 GB REACONDICIONADO COLOR VERDE MEDIANOCHE
1073,APPLE,IPHONE XR 64 GB REACONDICIONADO COLOR AZUL
1074,APPLE,iPhone 12 Pro Oro 128GB Reacondicionado + Airpods Pro 2 AAA
1075,APPLE,iPhone 12 Pro 128GB Plata Reacondicionado
1076,APPLE,Iphone Xr 64Gb Negro Reacondicionado
1077,APPLE,Iphone 14 Pro Max 256Gb Oro Reacondicionado
1078,APPLE,Iphone 14 Pro Max 256Gb Morado Oscuro Reacondicionado
1079,APPLE,Iphone 14 Pro 128Gb Plata Reacondicionado
1080,APPLE,Iphone 14 Pro 128Gb Oro Reacondicionado
1081,APPLE,Iphone 14 128Gb Morado Reacondicionado
1082,APPLE,Iphone 14 128Gb Blanco Estelar Reacondicionado
1083,APPLE,Iphone 14 128Gb Amarillo Reacondicionado
1084,APPLE,Iphone 13 Pro 128Gb Plata Reacondicionado
1085,APPLE,Iphone 13 Pro 128Gb Oro Reacondicionado
1086,APPLE,Iphone 13 128Gb Azul Reacondicionado
1087,APPLE,Iphone 12 Pro 256Gb Plata Reacondicionado
1088,APPLE,Iphone 12 Pro 256Gb Oro Reacondicionado
1089,APPLE,Iphone 12 Pro 256Gb Grafito Reacondicionado
1090,APPLE,Iphone 14 Pro Max 128Gb Oro Reacondicionado
1091,APPLE,Iphone 14 Pro Max 128Gb Plata Reacondicionado
1092,APPLE,Iphone 14 Pro Max 128Gb Negro Espacial Reacondicionado
1093,XIAOMI, Xiaomi Note 12 128GB 6RAM 4G Azul
1094,APPLE,Iphone 13 Pro 128Gb Azul Sierra Reacondicionado
1095,APPLE,iPhone 13 Pro 128GB Azul Sierra Reacondicionado
1096,APPLE,Iphone X 64Gb Silver Reacondicionado + 14 Meses Garantia
1097,APPLE, Reacondicionado Iphone X 64Gb Gris Espacial Apple + 12 Meses Garantia
1098,OPPO, Oppo Reno 10 5G 8Gb 256Gb Azul Claro
1099,INFINIX, Infinix Hot 30 Play Nfc Negro 128Gb 8+8Gb Ram 6000 Mah
1100,APPLE,Iphone 14 Pro Max 128GB Gris Reacondicionado12 MESES GARANTIA
1101,TECNO, Tecno Spark 8C 64gb 2 Ram Gris
1102,ONEPLUS, OnePlus 10T 5G 128gb 8 Ram Moonstone Black
1103,XIAOMI, Redmi 12C 128gb 4 Ram Ocean Blue
1104,APPLE,iPhone 11 Verde 64GB Reacondicionado + AirPods Pro AAA
1105,APPLE,iPhone 12 256GB Negro Reacondicionado
1106,APPLE,iPhone 12 256GB Azul Reacondicionado
1107,APPLE,iPhone 12 Mini 64GB Azul Reacondicionado
1108,APPLE,iPhone SE 2020 Ng 64GB AirPods Pro 2
1109,APPLE,iPhone SE 2020 Rj 64GB AirPods Pro 2
1110,APPLE,iPhone 8 Plata 64Gb + AirPods Pro 2
1111,OPPO, Oppo Reno 10 5G 8Gb 256Gb Gris Grafito
1112,XIAOMI, Xiaomi Redmi Note 12 6Gb+128Gb Gris
1113,KALLEY, Kalley Black 3 256Gb Negro
1114,REALME, Realme C53 / 128Gb / 6Ram / 50Mp Negro
1115,INFINIX, Infinix Note 30 256Gb / 8Ram / 64Mp Obsidian Black
1116,APPLE, Iphone 12 128 Gb Verde Reacondicionado
1117,MOTOROLA, Motorola Moto E13 Ram 64Gb Negro
1118,MOTOROLA, Motorola G52 128Gb / 6Ram / 50Mpx Azul
1119,XIAOMI, Xiaomi Poco X5 256Gb 8Gb Ram 5G Negro
1120,APPLE, Reacondicionado Iphone 11 Pro Max 64Gb Verde Medianoche
1121,APPLE, Reacondicionado Iphone 13 Pro Max 256Gb Plateado+ Audifinos Tws Pro Blancos
1122,APPLE, Iphone 12 256 Gb Blanco Reacondicionado
1123,XIAOMI, Xiaomi Redmi Note 12S 256Gb / 8Ram / 108Mp Azul
1124,APPLE,Iphone 12 Pro 128 Gb Plata Reacondicionado
1125,APPLE,Iphone 12 Pro 128 Gb Azul Pacifico Reacondicionado
1126,APPLE,Iphone 12 Pro 256 Gb Plata Reacondicionado
1127,APPLE, Iphone 12 Pro 256 Gb Azul Pacifico Reacondicionado
1128,APPLE, Iphone 12 256 Gb Negro Reacondicionado
1129,APPLE,Iphone Se2 128Gb Negro Reacondicionado
1130,TECNO, Tecno Spark 10 Pro 256Gb 8Gb+8Gb Ram Negro
1131,APPLE,Iphone 8 64Gb Silver Reacondicionado
1132,APPLE,Iphone 13 Pro 256Gb Azul Sierra Reacondicionado
1133,APPLE, Reacondicionado Iphone 11 128Gb Morado
1134,REALME, Realme C55 / 256Gb / 8Ram / 64Mp
1135,HONOR, Honor Magic 5 Lite / 128Gb / 6Ram / 64Mpx Verde
1136,APPLE, Iphone 11 128Gb Lila Reacondicionado
1137,APPLE, Iphone 13 Pro Max Azul 256Gb Reacondicionado
1138,APPLE, Iphone 11 64Gb Blanco Reacondicionado
1139,HONOR, Honor X8a 128Gb / 8Ram / 100Mpx Silver
1140,XIAOMI, Xiaomi 11 Lite 5G Ne 128Gb 6Gb Negro +Buds 3
1141,APPLE, Reacondicionado Iphone 13 Pro 128Gb Grafito
1142,XIAOMI, Xiaomi Redmi 12C 128Gb 4Gb Ram 50Mpx Gris
1143,HONOR, Honor X8a 128Gb 8Gb Ram Plata
1144,APPLE, Reacondicionado Iphone 8 Plus 256Gb Negro
1145,APPLE, Reacondicionado Iphone 11 64Gb Negro
1146,NOKIA, Nokia 110 4G Lte Azul
1147,APPLE, Reacondicionado Iphone 11 128Gb Verde
1148,APPLE, Reacondicionado Iphone 11 128Gb Blanco
1149,APPLE, Reacondicionado Iphone 11 128Gb Negro
1150,APPLE, Iphone 11 Reacondicionado Iphone 11 64Gb Blanco
1151,APPLE, Iphone 13 256Gb Rosa Reacondicionado
1152,APPLE, Iphone 11 Reacondicionado 128Gb Morado
1153,APPLE, Reacondicionado Iphone 11 128Gb Morado
1154,XIAOMI, Xiaomi Poco X5 5G 256Gb 8Gb Negro
1155,XIAOMI, Xiaomi Poco X5 5G 256Gb / 8Ram / 48Mp Verde
1156,XIAOMI, Xiaomi Redmi Note 11 Pro Plus 5G 256Gb 8Gb Ram Verde
1157,XIAOMI,Xiaomi Mi 11 Lite Dual Sim 128 Gb White 6 Gb Ram + Band 6
1158,APPLE,Iphone 12 128Gb Verde Reacondicionado
1159,APPLE,Iphone 12 Pro 128 Gb Plata Reacondicionado
1160,XIAOMI,Poco X4 Gt 5G 256Gb Ram 8Gb Silver
1161,XIAOMI, Poco X4 Gt 5G 256Gb Ram 8Gb Azul
1162,XIAOMI, Xiaomi Redmi 10A Silver De 64Gb Ram 3Gb
1163,APPLE, Reacondicionado Iphone 11 Pro Max 64Gb Negro
1164,REALME, Realme C30s 32Gb 2Ram Negro
1165,APPLE, Apple Iphone 12 Pro Max 512Gb Azul Reacondicionado
1166,APPLE, Iphone 12 Mini 128 Gb Rojo Reacondicionado
1167,APPLE,Iphone Reacondicionado 13 Pro 128 Gbgrafito
1168,APPLE,Iphone Reacondicionado 13 Pro 128 Gbplata
1169,APPLE,Iphone Reacondicionado 13 Pro Max 128 Gbgrafito
1170,APPLE, Iphone Xr 128Gb Blanco Reacondicionado
1171,TECNO MOBILE,Tecno Pova 3 128 Gb + 6 Gb Dual Sim
1172,APPLE, Iphone 14 128Gb Azul
1173,APPLE, Iphone 14 Pro Max 512Gb E Sim A16 Bionic Morado
1174,GOOGLE, Google Pixel 6A 128Gb 6Gb Ram Blanco
1175,GOOGLE, Google Pixel 6A 128Gb 6Gb Ram Negro Carbón
1176,APPLE, Iphone 13 Pro Max Azul 128Gb Reacondicionado
1177,XIAOMI, Xiaomi 12 Lite 128Gb 8Ram 108Mp Negro + Forro
1178,APPLE, Reacondicionado Iphone 11 Pro Max 256Gb Dorado Gold
1179,APPLE, Reacondicionado Iphone 11 Pro 256Gb Plateado Silver
1180,APPLE, Reacondicionado Iphone 11 Pro Max 64Gb Verde Medianoche Midnight Green
1181,APPLE, Reacondicionado Iphone 11 Pro 256 Gb Plateado Silver
1182,APPLE, Reacondicionado Iphone 11 Pro Max 256Gb Verde Medianoche Midnight Green
1183,APPLE, Reacondicionado Iphone 11 Pro 256Gb Gris Espacial Space Gray
1184,APPLE, Iphone 14 128Gb 5G Rojo
1185,REALME, Realme 8I 6Gb Ram 128Gb 4G Color Negro Y Morado
1186,XIAOMI, Xiaomi 12 Lite 8Gb Ram 256Gb 5G Color Negro
1187,APPLE, Iphone 11 64Gb Blanco Reacondicionado
1188,TECNO MOBILE, Tecno Camon 19 Pro 128Gb 8Gb Ram+ Estuche Azul Polar
1189,XIAOMI, Poco X4 Gt 5G 8+256Gb Azul
1190,XIAOMI, Xiaomi Pocophone Poco X4 Gt Dual 256Gb 8Gb Ram
1191,REALME, Realme 8I Dual Sim 128 Gb 6 Gb Ram Negro
1192,REALME, Realme 8I Dual Sim 128 Gb 6 Gb Ram Violeta
1193,XIAOMI, Xiaomi 12 Lite 128Gb/8 Ram Negro
1194,XIAOMI, Xiaomi 12 Lite 128Gb/8 Ram Verde
1195,XIAOMI, Xiaomi 12 Lite 256Gb/8 Verde
1196,NOKIA, Nokia C21 Plus 64 Gb Ds Gris
1197,XIAOMI, Xiaomi 12 Lite 256Gb 8Ram 108Mp Verde + Forro
1198,XIAOMI, Xiaomi Redmi Note 11 Pro Plus 5G 256Gb/8 Ram Gris
1199,SAMSUNG,Samsung Galaxy Z Fold 4 12Gb 256Gb Negro
1200,APPLE,Reacondicionado Iphone 11 256 Gb Red
1201,APPLE,Reacondicionado Iphone 11 Pro Max 64 Gb Gold
1202,XIAOMI, Xiaomi Redmi Note 11 Pro+ Plus 5G 256Gb 108Mp 8Ram Negro
1203,OPPO, Oppo A15 32 Gb 3 Ram Negro
1204,XIAOMI, Xiaomi Redmi Note 11 6Ram 128Gb Azul Ocaso
1205,INFINIX, Infinix Smart 6 32Gb / 2 Ram / 8 Mp Azul
1206,INFINIX, Infinix Smart 6 32Gb/2 Ram Negro
1207,XIAOMI, Xiaomi Redmi Note 11S 5G Dual Sim 128 Gb 6 Gb Ram Color Midnight Black
1208,TCL, Tcl 20E 128Gb/4Gb Azul
1209,XIAOMI,Redmi Note 11 Pro 128Gb 6Gb Ram 120Hz 108Mp 4G Azul Estelar
1210,NOKIA, Nokia G21 Azul 128Gb
1211,APPLE, Reacondicionado Iphone Se 2020 256Gb Negro Apple
1212,XIAOMI, Xiaomi Redmi Note 11S 128Gb 8Ram 108 Mp Azul
1213,APPLE, Iphone 12 Mini 64Gb Negro Reacondicionado
1214,APPLE, Iphone 12 Mini 64Gb Rojo Reacondicionado
1215,APPLE, Iphone 12 Mini 64Gb Azul Reacondicionado
1216,XIAOMI, Xiaomi Mi 11 Lite 5G Ne 128Gb 8Ram 64Mp Verde
1217,XIAOMI, Xiaomi Redmi Note 11 128Gb / 50Mp / 6Ram Azul
1218,APPLE, Reacondicionado Iphone 11 Pro 64Gb Oro Apple
1219,XIAOMI,Xiaomi 11T Pro Azul Celestial 8 Ram 256Gb
1220,XIAOMI, Xiaomi 11T Pro 5G 128Gb 8Gb Ram 108Mp Azul + Forro
1221,XIAOMI, Xiaomi Redmi Note 11 128Gb Ram 4Gb Gris
1222,APPLE, Iphone 13 Pro Max 256Gb Verde Reacondicionado
1223,SAMSUNG, Samsung Galaxy A13 128 Gb Azul
1224,XIAOMI, Xiaomi Redmi Note 11 Pro 6Gb 128Gb Star Blue
1225,XIAOMI, Xiaomi Redmi Note 11 128Gb / 50Mp / 6Ram + Forro
1226,SAMSUNG, Samsung Galaxy S21 Fe 128 Gb Gris
1227,APPLE, Iphone 11 Pro Max Reacondicionado Verde Medianoche 64 Gb
1228,APPLE, Iphone 11 Pro Reacondicionado Gris Espacial 64 Gb
1229,APPLE, Iphone 11 Pro Reacondicionado Verde Medianoche 64 Gb
1230,APPLE, Iphone 11 Pro Reacondicionado Dorado 64 Gb
1231,APPLE, Reacondicionado Iphone Xr 256Gb Coral Apple
1232,APPLE, Reacondicionado Iphone Xr 64Gb Negro Apple
1233,APPLE, Reacondicionado Iphone Xr 256Gb Negro Apple
1234,APPLE, Reacondicionado Iphone 11 Pro Max 256Gb Dorado Apple
1235,APPLE, Reacondicionado Iphone 11 Pro 64Gb Plata Apple
1236,APPLE, Reacondicionado Iphone 11 Pro 64Gb Verde Medianoche Apple
1237,APPLE, Reacondicionado Iphone 11 Pro Max 64Gb Verde Medianoche Apple
1238,APPLE, Reacondicionado Iphone 11 Pro Max 64Gb Gris Espacial Apple
1239,APPLE, Reacondicionado Iphone 11 Pro 64Gb Dorado Apple
1240,APPLE, Reacondicionado Iphone 11 256Gb Blanco Apple
1241,APPLE, Reacondicionado Iphone 11 128Gb Negro Apple
1242,APPLE, Reacondicionado Iphone 11 256Gb Verde Apple
1243,CUBOT, Cubot Max 3 Rom 64Bg Ram 4Gb Negro
1244,APPLE, Iphone 11 Pro Reacondicionado Verde Media Noche 256 Gb
1245,APPLE, Iphone 11 Pro Reacondicionado Plateado 256 Gb
1246,APPLE, Iphone 11 Pro Max Reacondicionado Verde Medianoche 512 Gb
1247,APPLE, Iphone 11 Pro Reacondicionado Dorado 256 Gb
1248,APPLE, Iphone 11 Pro Reacondicionado Gris Espacial 256 Gb
1249,APPLE, Iphone 11 Pro Max Reacondicionado Plateado 512 Gb
1250,APPLE, Reacondicionado Iphone 12 Mini 64Gb Blanco Apple
1251,APPLE, Reacondicionado Iphone 12 Mini 64Gb Verde Apple
1252,APPLE, Reacondicionado Iphone Xr 64Gb Blanco Apple
1253,APPLE, Reacondicionado Iphone 11 Pro Max 512Gb Plata Apple
1254,APPLE, Reacondicionado Iphone 11 Pro 64Gb Verde Medianoche Apple
1255,APPLE, Reacondicionado Iphone 11 256Gb Rojo Apple
1256,APPLE, Reacondicionado Iphone 11 128Gb Rojo Apple
1257,APPLE, Reacondicionado Iphone 11 256Gb Verde Apple
1258,APPLE, Reacondicionado Iphone Xr 128Gb Rojo Apple
1259,APPLE, Reacondicionado Iphone 11 Pro Max 64Gb Gris Espacial Apple
1260,APPLE, Reacondicionado Iphone 11 Pro Max 256Gb Gris Espacial Apple
1261,APPLE, Reacondicionado Iphone 11 Pro 64Gb Verde Medianoche Apple
1262,APPLE, Reacondicionado Iphone 11 Pro Max 64Gb Dorado Apple
1263,APPLE, Reacondicionado Iphone 11 Pro Max 64Gb Verde Medianoche Apple
1264,APPLE, Reacondicionado Iphone 11 Pro Max 64Gb Plata Apple
1265,APPLE, Reacondicionado Iphone Xr 256Gb Amarillo Apple
1266,APPLE, Reacondicionado Iphone Xr 64Gb Azul Apple
1267,APPLE, Reacondicionado Iphone Xr 256Gb Rojo Apple
1268,APPLE, Reacondicionado Iphone Xr 256Gb Azul Apple
1269,APPLE, Reacondicionado Iphone X 64Gb Gris Espacial Apple
1270,APPLE, Reacondicionado Iphone Xr 128Gb Rojo Apple
1271,APPLE, Reacondicionado Iphone Xs 64Gb Gris Espacial Apple
1272,APPLE, Reacondicionado Iphone 11 64Gb Amarillo Apple
1273,APPLE, Reacondicionado Iphone Xr 256Gb Negro Apple
1274,APPLE, Reacondicionado Iphone 11 128Gb Verde Apple
1275,APPLE, Reacondicionado Iphone 11 Pro 64Gb Plata Apple
1276,APPLE, Reacondicionado Iphone 11 Pro 64Gb Gris Espacial Apple
1277,APPLE, Reacondicionado Iphone 6S 32Gb Plata Apple
1278,APPLE, Reacondicionado Iphone Xr 64Gb Rojo Apple
1279,TECNO MOBILE, Tecno Camon 18P 128Gb/8Gb Blanco
1280,XIAOMI, Xiaomi Redmi 10 64Gb 4Gb Ram Carbón Gray
1281,MOTOROLA, Motorola Moto E20 32Gb Disco 2Gb Ram Gris
1282,APPLE, Apple Iphone 12 Mini 128Gb/4Gb Purpura Reacondicionado
1283,APPLE, Iphone 13 256Gb 4G Midnight
1284,APPLE, Iphone 13 Pro 1Tb Grafito (Graphite) Reacondicionado
1285,APPLE, Iphone 13 128Gb Azul (Blue)
1286,APPLE, Iphone 13 128Gb Rojo (Product Red)
1287,APPLE, Iphone Xr Reacondicionado Negro 64 Gb
1288,APPLE, Iphone 11 Reacondicionado Rojo 64 Gb
1289,APPLE, Iphone 11 Pro Max Reacondicionado Verde Medianoche 64 Gb
1290,APPLE, Iphone 11 Pro Max Reacondicionado Gris Espacial 64 Gb
1291,APPLE, Iphone 11 Pro Max Reacondicionado Verde Medianoche 256 Gb
1292,APPLE, Iphone 11 Pro Max Reacondicionado Dorado 64 Gb
1293,APPLE, Iphone 11 Pro Max Reacondicionado Plateado 64 Gb
1294,APPLE, Iphone 11 Reacondicionado Negro 64 Gb
1295,APPLE, Iphone 11 Pro Max Reacondicionado Dorado 256 Gb
1296,APPLE, Iphone 11 Pro Reacondicionado Dorado 64 Gb
1297,APPLE, Iphone 11 Pro Reacondicionado Plateado 64 Gb
1298,APPLE, Iphone Xr Reacondicionado Blanco 128 Gb
1299,APPLE, Apple Iphone 11 64Gb 4Gb Ram 4G Purpura
1300,APPLE, Apple Iphone 11 64Gb 4Gb Ram 4G Verde
1301,APPLE, Apple Iphone 11 128Gb 4Gb Ram 4G Negro
1302,APPLE, Apple Iphone 11 64Gb 4Gb Ram 4G Negro
1303,CUBOT,Smartphone Cubot X30 8Gb + 128Gb Red 4G Nfc Blue
1304,CUBOT,Smartphone Cubot X30 8Gb + 128Gb Red 4G Nfc Grandient
1305,INFINIX, Xiaomi Poco M3 Pro 64Gb 4Gb Ram 5G Amarillo
1306,KALLEY, Kalley Silver Max Pro 32Gb Verde
1307,KALLEY, Kalley Silver Max Lite 32 Gb Negro
1308,REALME, Realme Narzo 30 5G 4Gb Ram/ 128Gb Gris
1309,XIAOMI, Xiaomi Poco M3 Pro 64Gb Azul
1310,XIAOMI, Xiaomi Redmi Note 10S 128Gb Azul Oceano
1311,APPLE, Reacondicionado Iphone 8 64Gb Rojo Apple
1312,APPLE, Reacondicionado Iphone 7 32Gb Plata Apple
1313,APPLE,Iphone 11 Negro 64Gb
1314,APPLE, Iphone 11 128Gb 4Ram 12Mpx Blanco
1315,APPLE, Iphone Xr Coral 128 Gb Reacondicionado
1316,APPLE, Reacondicionado Iphone 11 Negro 128Gb
1317,APPLE, Iphone Xr Coral 64 Gb Reacondicionado
1318,APPLE, Reacondicionado Iphone Xr Negro 128 Gb
1319,APPLE, Reacondicionado Iphone 11 Morado 128 Gb
1320,APPLE, Reacondicionado Iphone Xr Negro 64 Gb
1321,APPLE, Reacondicionado Iphone 6S 32Gb Gris Espacial Apple
1322,APPLE, Reacondicionado Iphone 6S 32Gb Plata Apple
1323,APPLE, Reacondicionado Iphone 6S 32Gb Oro Apple
1324,APPLE, Reacondicionado Iphone 7 32Gb Oro Apple
1325,APPLE, Reacondicionado Iphone 7 32Gb Negro Mate Apple
1326,APPLE, Reacondicionado Iphone 7 32Gb Oro Rosa Apple
1327,APPLE, Iphone 11 64Gb Blanco
1328,APPLE, Iphone Xs Max 64Gb Dorado Reacondicionado
1329,APPLE, Iphone 11 De 128Gb Color Blanco
1330,APPLE, Apple Iphone 11 64Gb Blanco
